<?xml version="1.0" encoding="UTF-8"?>
<metadata xml:lang="es"><Esri><CreaDate>20170605</CreaDate><CreaTime>12470700</CreaTime><ArcGISFormat>1.0</ArcGISFormat><SyncOnce>FALSE</SyncOnce><DataProperties><itemProps><itemName Sync="TRUE">Amenaza_Cotopaxi</itemName><imsContentType Sync="TRUE">002</imsContentType><nativeExtBox><westBL Sync="TRUE">763002.282200</westBL><eastBL Sync="TRUE">888191.071300</eastBL><southBL Sync="TRUE">9869124.040700</southBL><northBL Sync="TRUE">9982242.438100</northBL><exTypeCode Sync="TRUE">1</exTypeCode></nativeExtBox><itemLocation><linkage Sync="TRUE">file://\\PC80SECRE13\Users\ajarrin\Documents\ArcGIS\Default.gdb</linkage><protocol Sync="TRUE">Local Area Network</protocol></itemLocation><relatedItems><item><itemName Sync="TRUE">RAmenaza1Anexo</itemName><itemType Sync="TRUE">Relationship</itemType></item><item><itemName Sync="TRUE">BDDWEB.SDE.R_VolcanAmenaza</itemName><itemType Sync="TRUE">Relationship</itemType></item></relatedItems><itemSize Sync="TRUE">0.209</itemSize></itemProps><coordRef><type Sync="TRUE">Projected</type><geogcsn Sync="TRUE">GCS_WGS_1984</geogcsn><csUnits Sync="TRUE">Linear Unit: Meter (1.000000)</csUnits><peXml Sync="TRUE">&lt;ProjectedCoordinateSystem xsi:type='typens:ProjectedCoordinateSystem' xmlns:xsi='http://www.w3.org/2001/XMLSchema-instance' xmlns:xs='http://www.w3.org/2001/XMLSchema' xmlns:typens='http://www.esri.com/schemas/ArcGIS/10.4'&gt;&lt;WKT&gt;PROJCS[&amp;quot;WGS_1984_UTM_Zone_17S&amp;quot;,GEOGCS[&amp;quot;GCS_WGS_1984&amp;quot;,DATUM[&amp;quot;D_WGS_1984&amp;quot;,SPHEROID[&amp;quot;WGS_1984&amp;quot;,6378137.0,298.257223563]],PRIMEM[&amp;quot;Greenwich&amp;quot;,0.0],UNIT[&amp;quot;Degree&amp;quot;,0.0174532925199433]],PROJECTION[&amp;quot;Transverse_Mercator&amp;quot;],PARAMETER[&amp;quot;False_Easting&amp;quot;,500000.0],PARAMETER[&amp;quot;False_Northing&amp;quot;,10000000.0],PARAMETER[&amp;quot;Central_Meridian&amp;quot;,-81.0],PARAMETER[&amp;quot;Scale_Factor&amp;quot;,0.9996],PARAMETER[&amp;quot;Latitude_Of_Origin&amp;quot;,0.0],UNIT[&amp;quot;Meter&amp;quot;,1.0],AUTHORITY[&amp;quot;EPSG&amp;quot;,32717]],VERTCS[&amp;quot;WGS_1984&amp;quot;,DATUM[&amp;quot;D_WGS_1984&amp;quot;,SPHEROID[&amp;quot;WGS_1984&amp;quot;,6378137.0,298.257223563]],PARAMETER[&amp;quot;Vertical_Shift&amp;quot;,0.0],PARAMETER[&amp;quot;Direction&amp;quot;,1.0],UNIT[&amp;quot;Meter&amp;quot;,1.0],AUTHORITY[&amp;quot;Esri&amp;quot;,115700]]&lt;/WKT&gt;&lt;XOrigin&gt;-5120900&lt;/XOrigin&gt;&lt;YOrigin&gt;1900&lt;/YOrigin&gt;&lt;XYScale&gt;450445547.3910538&lt;/XYScale&gt;&lt;ZOrigin&gt;-100000&lt;/ZOrigin&gt;&lt;ZScale&gt;10000&lt;/ZScale&gt;&lt;MOrigin&gt;-100000&lt;/MOrigin&gt;&lt;MScale&gt;10000&lt;/MScale&gt;&lt;XYTolerance&gt;0.001&lt;/XYTolerance&gt;&lt;ZTolerance&gt;0.001&lt;/ZTolerance&gt;&lt;MTolerance&gt;0.001&lt;/MTolerance&gt;&lt;HighPrecision&gt;true&lt;/HighPrecision&gt;&lt;WKID&gt;32717&lt;/WKID&gt;&lt;LatestWKID&gt;32717&lt;/LatestWKID&gt;&lt;VCSWKID&gt;115700&lt;/VCSWKID&gt;&lt;LatestVCSWKID&gt;115700&lt;/LatestVCSWKID&gt;&lt;/ProjectedCoordinateSystem&gt;</peXml><projcsn Sync="TRUE">WGS_1984_UTM_Zone_17S</projcsn></coordRef><lineage><Process ToolSource="c:\program files (x86)\arcgis\desktop10.3\ArcToolbox\Toolboxes\Conversion Tools.tbx\FeatureClassToFeatureClass" Date="20150505" Time="163632" Name="" export="">FeatureClassToFeatureClass E:\DATOS\BASES\PV_Tungurahua.mdb\Amenaza_Volcanica E:\DATOS\BASES\PV_Tungurahua.mdb AmenazaVolcanica # "IDMAPA "IDMAPA" true true false 2 Short 0 0 ,First,#,E:\DATOS\BASES\PV_Tungurahua.mdb\Amenaza_Volcanica,IDMAPA,-1,-1;Volcan "Volcán" true true false 20 Text 0 0 ,First,#,E:\DATOS\BASES\PV_Tungurahua.mdb\Amenaza_Volcanica,Volcan,-1,-1;TipoPeligro "Tipo de Peligro" true true false 36 Text 0 0 ,First,#,E:\DATOS\BASES\PV_Tungurahua.mdb\Amenaza_Volcanica,TipoPeligro,-1,-1;Metodo "Método" true true false 2147483647 Text 0 0 ,First,#,E:\DATOS\BASES\PV_Tungurahua.mdb\Amenaza_Volcanica,Metodo,-1,-1;Leyenda "Leyenda" true true false 2147483647 Text 0 0 ,First,#,E:\DATOS\BASES\PV_Tungurahua.mdb\Amenaza_Volcanica,Leyenda,-1,-1;Shape_Length "Perímetro" false true true 8 Double 0 0 ,First,#,E:\DATOS\BASES\PV_Tungurahua.mdb\Amenaza_Volcanica,Shape_Length,-1,-1;Shape_Area "Área" false true true 8 Double 0 0 ,First,#,E:\DATOS\BASES\PV_Tungurahua.mdb\Amenaza_Volcanica,Shape_Area,-1,-1" #</Process><Process ToolSource="c:\program files (x86)\arcgis\desktop10.4\ArcToolbox\Toolboxes\Data Management Tools.tbx\CalculateField" Date="20160427" Time="111057" Name="" export="">CalculateField Amenaza FK_VOLCAN 28 VB #</Process><Process ToolSource="c:\program files (x86)\arcgis\desktop10.4\ArcToolbox\Toolboxes\Data Management Tools.tbx\CalculateField" Date="20160427" Time="111139" Name="" export="">CalculateField Amenaza FK_VOLCAN 46 VB #</Process><Process ToolSource="c:\program files (x86)\arcgis\desktop10.4\ArcToolbox\Toolboxes\Data Management Tools.tbx\CalculateField" Date="20160427" Time="111218" Name="" export="">CalculateField Amenaza FK_VOLCAN 65 VB #</Process><Process ToolSource="c:\program files (x86)\arcgis\desktop10.4\ArcToolbox\Toolboxes\Data Management Tools.tbx\CalculateField" Date="20160427" Time="111306" Name="" export="">CalculateField Amenaza FK_VOLCAN 2 VB #</Process><Process ToolSource="c:\program files (x86)\arcgis\desktop10.4\ArcToolbox\Toolboxes\Data Management Tools.tbx\CalculateField" Date="20160427" Time="111410" Name="" export="">CalculateField Amenaza FK_VOLCAN 66 VB #</Process><Process ToolSource="c:\program files (x86)\arcgis\desktop10.4\ArcToolbox\Toolboxes\Data Management Tools.tbx\CalculateField" Date="20160609" Time="101435" Name="" export="">CalculateField Amenaza Transparencia 50 VB #</Process><Process ToolSource="c:\program files (x86)\arcgis\desktop10.4\ArcToolbox\Toolboxes\Data Management Tools.tbx\CalculateField" Date="20160609" Time="101508" Name="" export="">CalculateField Amenaza Transparencia 45 VB #</Process><Process ToolSource="c:\program files (x86)\arcgis\desktop10.4\ArcToolbox\Toolboxes\Data Management Tools.tbx\CalculateField" Date="20160609" Time="101527" Name="" export="">CalculateField Amenaza Transparencia 40 VB #</Process><Process ToolSource="c:\program files (x86)\arcgis\desktop10.4\ArcToolbox\Toolboxes\Data Management Tools.tbx\CalculateField" Date="20160609" Time="101607" Name="" export="">CalculateField Amenaza Transparencia 45 VB #</Process><Process ToolSource="c:\program files (x86)\arcgis\desktop10.4\ArcToolbox\Toolboxes\Data Management Tools.tbx\CalculateField" Date="20160609" Time="101621" Name="" export="">CalculateField Amenaza Transparencia 50 VB #</Process><Process ToolSource="c:\program files (x86)\arcgis\desktop10.4\ArcToolbox\Toolboxes\Data Management Tools.tbx\CalculateField" Date="20160609" Time="101642" Name="" export="">CalculateField Amenaza Transparencia 40 VB #</Process><Process ToolSource="c:\program files (x86)\arcgis\desktop10.4\ArcToolbox\Toolboxes\Data Management Tools.tbx\CalculateField" Date="20160609" Time="101659" Name="" export="">CalculateField Amenaza Transparencia 30 VB #</Process><Process ToolSource="c:\program files (x86)\arcgis\desktop10.4\ArcToolbox\Toolboxes\Data Management Tools.tbx\CalculateField" Date="20160609" Time="101708" Name="" export="">CalculateField Amenaza Transparencia 60 VB #</Process><Process ToolSource="c:\program files (x86)\arcgis\desktop10.4\ArcToolbox\Toolboxes\Data Management Tools.tbx\CalculateField" Date="20160609" Time="101746" Name="" export="">CalculateField Amenaza Transparencia 65 VB #</Process><Process ToolSource="c:\program files (x86)\arcgis\desktop10.4\ArcToolbox\Toolboxes\Data Management Tools.tbx\CalculateField" Date="20160609" Time="101800" Name="" export="">CalculateField Amenaza Transparencia 55 VB #</Process><Process ToolSource="c:\program files (x86)\arcgis\desktop10.4\ArcToolbox\Toolboxes\Data Management Tools.tbx\CalculateField" Date="20160620" Time="144420" Name="" export="">CalculateField Amenaza Volcan "Cotopaxi" VB #</Process><Process ToolSource="c:\program files (x86)\arcgis\desktop10.4\ArcToolbox\Toolboxes\Data Management Tools.tbx\CalculateField" Date="20160620" Time="144441" Name="" export="">CalculateField Amenaza IDMAPA 6203 VB #</Process><Process ToolSource="c:\program files (x86)\arcgis\desktop10.4\ArcToolbox\Toolboxes\Data Management Tools.tbx\CalculateField" Date="20160620" Time="144544" Name="" export="">CalculateField Amenaza Volcan "Flujos de lahares" VB #</Process><Process ToolSource="c:\program files (x86)\arcgis\desktop10.4\ArcToolbox\Toolboxes\Data Management Tools.tbx\CalculateField" Date="20160620" Time="144611" Name="" export="">CalculateField Amenaza TipoAmenaza "Flujos de lahares" VB #</Process><Process ToolSource="c:\program files (x86)\arcgis\desktop10.4\ArcToolbox\Toolboxes\Data Management Tools.tbx\CalculateField" Date="20160620" Time="144710" Name="" export="">CalculateField Amenaza FK_VOLCAN 46 VB #</Process><Process ToolSource="c:\program files (x86)\arcgis\desktop10.1\ArcToolbox\Toolboxes\Data Management Tools.tbx\CalculateField" Date="20170605" Time="124434">CalculateField Amenaza_Cotopaxi volc [Volcan] VB #</Process><Process ToolSource="c:\program files (x86)\arcgis\desktop10.1\ArcToolbox\Toolboxes\Data Management Tools.tbx\CalculateField" Date="20170605" Time="124453">CalculateField Amenaza_Cotopaxi volc [Volcan] VB #</Process><Process ToolSource="c:\program files (x86)\arcgis\desktop10.1\ArcToolbox\Toolboxes\Data Management Tools.tbx\CalculateField" Date="20170605" Time="124521">CalculateField Amenaza_Cotopaxi volcan [volc] VB #</Process><Process ToolSource="c:\program files (x86)\arcgis\desktop10.1\ArcToolbox\Toolboxes\Data Management Tools.tbx\Project" Date="20170605" Time="124648">Project Amenaza_Cotopaxi C:\Users\ajarrin\Documents\ArcGIS\Default.gdb\Amenaza_Cotopaxi_Project PROJCS['WGS84TMQ',GEOGCS['GCS_WGS_1984',DATUM['D_WGS_1984',SPHEROID['WGS_1984',6378137.0,298.257223563]],PRIMEM['Greenwich',0.0],UNIT['Degree',0.0174532925199433]],PROJECTION['Transverse_Mercator_Complex'],PARAMETER['False_Easting',500000.0],PARAMETER['False_Northing',10000000.0],PARAMETER['Central_Meridian',-78.5],PARAMETER['Scale_Factor',1.0004584],PARAMETER['Latitude_Of_Origin',0.0],UNIT['Meter',1.0]] # PROJCS['WGS_1984_UTM_Zone_17S',GEOGCS['GCS_WGS_1984',DATUM['D_WGS_1984',SPHEROID['WGS_1984',6378137.0,298.257223563]],PRIMEM['Greenwich',0.0],UNIT['Degree',0.0174532925199433]],PROJECTION['Transverse_Mercator'],PARAMETER['False_Easting',500000.0],PARAMETER['False_Northing',10000000.0],PARAMETER['Central_Meridian',-81.0],PARAMETER['Scale_Factor',0.9996],PARAMETER['Latitude_Of_Origin',0.0],UNIT['Meter',1.0]],VERTCS['WGS_1984',DATUM['D_WGS_1984',SPHEROID['WGS_1984',6378137.0,298.257223563]],PARAMETER['Vertical_Shift',0.0],PARAMETER['Direction',1.0],UNIT['Meter',1.0]]</Process></lineage></DataProperties><SyncDate>20160719</SyncDate><SyncTime>13511100</SyncTime><ModDate>20160719</ModDate><ModTime>13530900</ModTime><scaleRange><minScale>500000</minScale><maxScale>50000</maxScale></scaleRange><ArcGISProfile>ItemDescription</ArcGISProfile></Esri><dataIdInfo><envirDesc Sync="TRUE"> Version 6.2 (Build 9200) ; Esri ArcGIS 10.4.0.5524</envirDesc><dataLang><languageCode value="spa" Sync="TRUE"/><countryCode value="ESP" Sync="TRUE"/></dataLang><idCitation><resTitle Sync="FALSE">Amenaza Volcánica</resTitle><presForm><PresFormCd value="005" Sync="TRUE"/></presForm></idCitation><spatRpType><SpatRepTypCd value="001" Sync="TRUE"/></spatRpType><dataExt><geoEle xmlns=""><GeoBndBox esriExtentType="search"><exTypeCode Sync="FALSE">0</exTypeCode><westBL Sync="TRUE">-78.637130</westBL><eastBL Sync="TRUE">-77.512855</eastBL><northBL Sync="TRUE">-0.160359</northBL><southBL Sync="TRUE">-1.183060</southBL></GeoBndBox></geoEle></dataExt><idPurp>Debido a su escala (1:50000), este mapa se presenta como un instrumento de planificación regional dirigido a las autoridades para la toma de decisiones y la gestión del riesgo volcánico.
</idPurp><idAbs>&lt;DIV STYLE="text-align:Left;"&gt;&lt;DIV&gt;&lt;DIV&gt;&lt;P STYLE="text-align:Justify;"&gt;&lt;SPAN&gt;Este mapa constituye la re-edición del “Mapa Regional de Peligros Volcánicos Potenciales del Volcán Cotopaxi, Zona Sur” (Hall et al., 2004). La presente re-edición es producto de mayor trabajo de campo realizado durante la última década por parte del personal del Instituto Geofísico de la Escuela Politécnica Nacional y otros profesionales. Tiene la ventaja de contar con las bases más recientes sobre topografía, población, los barrios, infraestructura y edificaciones. Debido a su escala (1:50 000), este documento se presenta como un instrumento de planificación regional, dirigido a las autoridades, encaminado a la toma de decisiones y la gestión del riesgo en caso de una eventual erupción del volcán Cotopaxi. Las investigaciones de este trabajo están basadas en el reconocimiento en el terreno de los depósitos del lahar generado por la última erupción importante del Cotopaxi, ocurrida el 26 de junio de 1877, así como de otros eventos laháricos ocurridos durante la época histórica. Además, se destaca el reconocimiento de los depósitos de flujos piroclásticos y caídas de ceniza.&lt;/SPAN&gt;&lt;/P&gt;&lt;P&gt;&lt;SPAN /&gt;&lt;/P&gt;&lt;/DIV&gt;&lt;/DIV&gt;&lt;/DIV&gt;</idAbs><idCredit>Instituto Geofísico, Escuela Politécnica Nacional, Quito Ecuador.</idCredit><searchKeys><keyword>Volcán Cotopaxi</keyword><keyword>volcanes del  Ecuador</keyword><keyword>mapa de amenaza volcánica</keyword><keyword>flujos de piroclastos</keyword><keyword>flujos de lahares.</keyword></searchKeys></dataIdInfo><mdLang><languageCode value="spa" Sync="TRUE"/><countryCode value="ESP" Sync="TRUE"/></mdLang><mdChar><CharSetCd value="004" Sync="TRUE"/></mdChar><distInfo><distFormat><formatName Sync="TRUE">Shapefile</formatName></distFormat><distTranOps><transSize Sync="TRUE">0.209</transSize></distTranOps></distInfo><mdHrLv><ScopeCd value="005" Sync="TRUE"/></mdHrLv><mdHrLvName Sync="TRUE">dataset</mdHrLvName><refSysInfo><RefSystem><refSysID><identCode code="32717" Sync="TRUE"/><idCodeSpace Sync="TRUE">EPSG</idCodeSpace><idVersion Sync="TRUE">2.1(3.0.1)</idVersion></refSysID></RefSystem></refSysInfo><spatRepInfo><VectSpatRep><geometObjs Name="Amenaza_Cotopaxi"><geoObjTyp><GeoObjTypCd value="002" Sync="TRUE"/></geoObjTyp><geoObjCnt Sync="TRUE">8</geoObjCnt></geometObjs><topLvl><TopoLevCd value="001" Sync="TRUE"/></topLvl></VectSpatRep></spatRepInfo><spdoinfo><ptvctinf><esriterm Name="Amenaza_Cotopaxi"><efeatyp Sync="TRUE">Simple</efeatyp><efeageom code="4" Sync="TRUE"/><esritopo Sync="TRUE">FALSE</esritopo><efeacnt Sync="TRUE">8</efeacnt><spindex Sync="TRUE">TRUE</spindex><linrefer Sync="TRUE">FALSE</linrefer></esriterm></ptvctinf></spdoinfo><eainfo><detailed Name="Amenaza_Cotopaxi"><enttyp><enttypl Sync="TRUE">Amenaza_Cotopaxi</enttypl><enttypt Sync="TRUE">Feature Class</enttypt><enttypc Sync="TRUE">8</enttypc></enttyp><attr><attrlabl Sync="TRUE">IDMAPA</attrlabl><attalias Sync="TRUE">IDMAPA</attalias><attrtype Sync="TRUE">Integer</attrtype><attwidth Sync="TRUE">5</attwidth><atprecis Sync="TRUE">5</atprecis><attscale Sync="TRUE">0</attscale></attr><attr><attrlabl Sync="TRUE">Volcan</attrlabl><attalias Sync="TRUE">Volcan</attalias><attrtype Sync="TRUE">String</attrtype><attwidth Sync="TRUE">20</attwidth><atprecis Sync="TRUE">0</atprecis><attscale Sync="TRUE">0</attscale></attr><attr><attrlabl Sync="TRUE">Metodo</attrlabl><attalias Sync="TRUE">Metodo</attalias><attrtype Sync="TRUE">String</attrtype><attwidth Sync="TRUE">254</attwidth><atprecis Sync="TRUE">0</atprecis><attscale Sync="TRUE">0</attscale></attr><attr><attrlabl Sync="TRUE">Leyenda</attrlabl><attalias Sync="TRUE">Leyenda</attalias><attrtype Sync="TRUE">String</attrtype><attwidth Sync="TRUE">254</attwidth><atprecis Sync="TRUE">0</atprecis><attscale Sync="TRUE">0</attscale></attr><attr><attrlabl Sync="TRUE">FK_VOLCAN</attrlabl><attalias Sync="TRUE">FK_VOLCAN</attalias><attrtype Sync="TRUE">Integer</attrtype><attwidth Sync="TRUE">5</attwidth><atprecis Sync="TRUE">5</atprecis><attscale Sync="TRUE">0</attscale></attr><attr><attrlabl Sync="TRUE">Shape</attrlabl><attalias Sync="TRUE">Shape</attalias><attrtype Sync="TRUE">Geometry</attrtype><attwidth Sync="TRUE">0</attwidth><atprecis Sync="TRUE">0</atprecis><attscale Sync="TRUE">0</attscale><attrdef Sync="TRUE">Feature geometry.</attrdef><attrdefs Sync="TRUE">Esri</attrdefs><attrdomv><udom Sync="TRUE">Coordinates defining the features.</udom></attrdomv></attr><subtype><stname Sync="TRUE">Flujos de piroclástos, menor peligro</stname><stcode Sync="TRUE">1</stcode></subtype><subtype><stname Sync="TRUE">Flujos de piroclástos, peligro medio</stname><stcode Sync="TRUE">2</stcode></subtype><subtype><stname Sync="TRUE">Flujos de piroclástos, mayor peligro</stname><stcode Sync="TRUE">3</stcode></subtype><attr><attrlabl Sync="TRUE">FID</attrlabl><attalias Sync="TRUE">FID</attalias><attrtype Sync="TRUE">OID</attrtype><attwidth Sync="TRUE">4</attwidth><atprecis Sync="TRUE">0</atprecis><attscale Sync="TRUE">0</attscale><attrdef Sync="TRUE">Internal feature number.</attrdef><attrdefs Sync="TRUE">Esri</attrdefs><attrdomv><udom Sync="TRUE">Sequential unique whole numbers that are automatically generated.</udom></attrdomv></attr><subtype><stname Sync="TRUE">Flujos de lahares</stname><stcode Sync="TRUE">5</stcode></subtype><subtype><stname Sync="TRUE">Flujos de lahares, menor peligro</stname><stcode Sync="TRUE">6</stcode></subtype><subtype><stname Sync="TRUE">Flujos de lahares, mayor peligro</stname><stcode Sync="TRUE">7</stcode></subtype><subtype><stname Sync="TRUE">Avalanchas de escombros</stname><stcode Sync="TRUE">10</stcode></subtype><subtype><stname Sync="TRUE">Avalanchas de escombros, menor peligro</stname><stcode Sync="TRUE">11</stcode></subtype><subtype><stname Sync="TRUE">Avalanchas de escombros, mayor peligro</stname><stcode Sync="TRUE">12</stcode></subtype><attr><attrlabl Sync="TRUE">TipoAmenaz</attrlabl><attalias Sync="TRUE">TipoAmenaz</attalias><attrtype Sync="TRUE">Integer</attrtype><attwidth Sync="TRUE">5</attwidth><atprecis Sync="TRUE">5</atprecis><attscale Sync="TRUE">0</attscale></attr><attr><attrlabl Sync="TRUE">Transparen</attrlabl><attalias Sync="TRUE">Transparen</attalias><attrtype Sync="TRUE">Integer</attrtype><attwidth Sync="TRUE">5</attwidth><atprecis Sync="TRUE">5</atprecis><attscale Sync="TRUE">0</attscale></attr><attr><attrlabl Sync="TRUE">Shape_Leng</attrlabl><attalias Sync="TRUE">Shape_Leng</attalias><attrtype Sync="TRUE">Double</attrtype><attwidth Sync="TRUE">19</attwidth><atprecis Sync="TRUE">0</atprecis><attscale Sync="TRUE">0</attscale></attr><attr><attrlabl Sync="TRUE">Shape_Area</attrlabl><attalias Sync="TRUE">Shape_Area</attalias><attrtype Sync="TRUE">Double</attrtype><attwidth Sync="TRUE">19</attwidth><atprecis Sync="TRUE">0</atprecis><attscale Sync="TRUE">0</attscale><attrdef Sync="TRUE">Area of feature in internal units squared.</attrdef><attrdefs Sync="TRUE">Esri</attrdefs><attrdomv><udom Sync="TRUE">Positive real numbers that are automatically generated.</udom></attrdomv></attr></detailed></eainfo><mdDateSt Sync="TRUE">20160719</mdDateSt></metadata>
