<?xml version="1.0" encoding="UTF-8"?>
<metadata xml:lang="es"><Esri><CreaDate>20170605</CreaDate><CreaTime>13071400</CreaTime><SyncOnce>FALSE</SyncOnce><SyncDate>20150121</SyncDate><SyncTime>14252300</SyncTime><ModDate>20150121</ModDate><ModTime>14252300</ModTime><DataProperties><lineage><Process ToolSource="C:\Archivos de programa\ArcGIS\ArcToolbox\Toolboxes\Data Management Tools.tbx\CopyFeatures" Date="20110329" Time="153531" Name="" export="">CopyFeatures "C:\Documents and Settings\Administrador\Escritorio\Gioco_Municipio\Info recibida\1. STHV\STHV\Barrio_sector2004.shp" "C:\Documents and Settings\Administrador\Escritorio\Gioco_Municipio\Cartografia_GDB_Riesgos\Cartografía\Cartografia_Base.mdb\CARTO_BASE\Barrio_sector2004" # 0 0 0</Process><Process ToolSource="C:\Program Files\ArcGIS\ArcToolbox\Toolboxes\Data Management Tools.tbx\Rename" Date="20110406" Time="121923" Name="" export="">Rename L:\Cartografía\Cartografia_Base.mdb\LIMITES\Barrio_sector2004 L:\Cartografía\Cartografia_Base.mdb\LIMITES\sectores_barriales FeatureClass</Process><Process ToolSource="C:\Program Files\ArcGIS\Desktop10.0\ArcToolbox\Toolboxes\Data Management Tools.tbx\CopyFeatures" Date="20131002" Time="152844" Name="" export="">CopyFeatures "D:\CRISTIAN MOGOLLON\GEODATABASE\Cartografia_Base.mdb\FONDO_URBANO\sectores_barriales" "D:\CRISTIAN MOGOLLON\INFORMACIÓN GEODATABASE PARA NUEVO ATLAS\Cartografía Básica\sectores_barriales.shp" # 0 0 0</Process><Process ToolSource="c:\program files\arcgis\desktop10.1\ArcToolbox\Toolboxes\Data Management Tools.tbx\CopyFeatures" Date="20140206" Time="004252" Name="" export="">CopyFeatures sectores_barriales "D:\QUITO ATLAS RIESGOS\3_Mateial_Recibido\transformadas_kc\sectores_barriales_1.shp" # 0 0 0</Process><Process ToolSource="c:\program files\arcgis\desktop10.1\ArcToolbox\Toolboxes\Data Management Tools.tbx\DefineProjection" Date="20140206" Time="020842" Name="" export="">DefineProjection KC\sectores_barriales_1 PROJCS['SIRES-DMQ',GEOGCS['GCS_WGS_1984',DATUM['D_WGS_1984',SPHEROID['WGS_1984',6378137.0,298.257223563]],PRIMEM['Greenwich',0.0],UNIT['Degree',0.0174532925199433]],PROJECTION['Transverse_Mercator'],PARAMETER['False_Easting',500000.0],PARAMETER['False_Northing',10000000.0],PARAMETER['Central_Meridian',-78.5],PARAMETER['Scale_Factor',1.0004584],PARAMETER['Latitude_Of_Origin',0.0],UNIT['Meter',1.0]]</Process><Process ToolSource="c:\program files\arcgis\desktop10.1\ArcToolbox\Toolboxes\Data Management Tools.tbx\CopyFeatures" Date="20140206" Time="044938" Name="" export="">CopyFeatures "D:\QUITO ATLAS RIESGOS\3_Mateial_Recibido\transformadas_kc\barrio_sector_a.shp" "D:\QUITO ATLAS RIESGOS\7_Producto 3\ATLAS RIESGOS 2013.mdb\HA_DEMARCACION_TERRITORIAL\barrio_sector_a" # 0 0 0</Process><Process ToolSource="c:\program files\arcgis\desktop10.1\ArcToolbox\Toolboxes\Conversion Tools.tbx\FeatureClassToFeatureClass" Date="20141219" Time="101521">FeatureClassToFeatureClass "D:\INFORMACIÓN DMGR\GEODATABASE OFICIAL DMGR\INFORMACIÓN VECTOR\DATOS VARIOS\ATLAS RIESGOS 2013.mdb\HA_DEMARCACION_TERRITORIAL\barrio_sector_a" "D:\INFORMACIÓN DMGR\GEODATABASE OFICIAL DMGR\INFORMACIÓN VECTOR\DATOS VARIOS\CB_BASE.mdb\CB_LIMITES" BARRIO_SECTOR_A # "CLAVE_BARR "CLAVE_BARR" true true false 16 Text 0 0 ,First,#,D:\INFORMACIÓN DMGR\GEODATABASE OFICIAL DMGR\INFORMACIÓN VECTOR\DATOS VARIOS\ATLAS RIESGOS 2013.mdb\HA_DEMARCACION_TERRITORIAL\barrio_sector_a,CLAVE_BARR,-1,-1;NOMBRE_SEC "NOMBRE_SEC" true true false 16 Text 0 0 ,First,#,D:\INFORMACIÓN DMGR\GEODATABASE OFICIAL DMGR\INFORMACIÓN VECTOR\DATOS VARIOS\ATLAS RIESGOS 2013.mdb\HA_DEMARCACION_TERRITORIAL\barrio_sector_a,NOMBRE_SEC,-1,-1;CLE_NORMAL "CLE_NORMAL" true true false 16 Text 0 0 ,First,#,D:\INFORMACIÓN DMGR\GEODATABASE OFICIAL DMGR\INFORMACIÓN VECTOR\DATOS VARIOS\ATLAS RIESGOS 2013.mdb\HA_DEMARCACION_TERRITORIAL\barrio_sector_a,CLE_NORMAL,-1,-1;CLE_PARROQ "CLE_PARROQ" true true false 16 Text 0 0 ,First,#,D:\INFORMACIÓN DMGR\GEODATABASE OFICIAL DMGR\INFORMACIÓN VECTOR\DATOS VARIOS\ATLAS RIESGOS 2013.mdb\HA_DEMARCACION_TERRITORIAL\barrio_sector_a,CLE_PARROQ,-1,-1;CLE_ZONA "CLE_ZONA" true true false 16 Text 0 0 ,First,#,D:\INFORMACIÓN DMGR\GEODATABASE OFICIAL DMGR\INFORMACIÓN VECTOR\DATOS VARIOS\ATLAS RIESGOS 2013.mdb\HA_DEMARCACION_TERRITORIAL\barrio_sector_a,CLE_ZONA,-1,-1;PARROQUIA "PARROQUIA" true true false 16 Text 0 0 ,First,#,D:\INFORMACIÓN DMGR\GEODATABASE OFICIAL DMGR\INFORMACIÓN VECTOR\DATOS VARIOS\ATLAS RIESGOS 2013.mdb\HA_DEMARCACION_TERRITORIAL\barrio_sector_a,PARROQUIA,-1,-1;ZON_ADMINI "ZON_ADMINI" true true false 16 Text 0 0 ,First,#,D:\INFORMACIÓN DMGR\GEODATABASE OFICIAL DMGR\INFORMACIÓN VECTOR\DATOS VARIOS\ATLAS RIESGOS 2013.mdb\HA_DEMARCACION_TERRITORIAL\barrio_sector_a,ZON_ADMINI,-1,-1;Shape_Leng "Shape_Leng" true true false 8 Double 0 0 ,First,#,D:\INFORMACIÓN DMGR\GEODATABASE OFICIAL DMGR\INFORMACIÓN VECTOR\DATOS VARIOS\ATLAS RIESGOS 2013.mdb\HA_DEMARCACION_TERRITORIAL\barrio_sector_a,Shape_Leng,-1,-1;Shape_Length "Shape_Length" false true true 8 Double 0 0 ,First,#,D:\INFORMACIÓN DMGR\GEODATABASE OFICIAL DMGR\INFORMACIÓN VECTOR\DATOS VARIOS\ATLAS RIESGOS 2013.mdb\HA_DEMARCACION_TERRITORIAL\barrio_sector_a,Shape_Length,-1,-1;Shape_Area "Shape_Area" false true true 8 Double 0 0 ,First,#,D:\INFORMACIÓN DMGR\GEODATABASE OFICIAL DMGR\INFORMACIÓN VECTOR\DATOS VARIOS\ATLAS RIESGOS 2013.mdb\HA_DEMARCACION_TERRITORIAL\barrio_sector_a,Shape_Area,-1,-1" #</Process><Process ToolSource="c:\program files\arcgis\desktop10.1\ArcToolbox\Toolboxes\Data Management Tools.tbx\CopyFeatures" Date="20150121" Time="142527">CopyFeatures "D:\INFORMACIÓN DMGR\GEODATABASE OFICIAL DMGR\INFORMACIÓN VECTOR\DATOS VARIOS\CB_BASE.mdb\CB_LIMITES\BARRIO_SECTOR_A" "D:\BD_GEODMGR_2015_RD\GEODATABASE OFICIAL DMGR 2015\CB_BASE_2015.mdb\CB_LÍMITES\BARRIO_SECTOR_A" # 0 0 0</Process><Process ToolSource="c:\program files (x86)\arcgis\desktop10.1\ArcToolbox\Toolboxes\Data Management Tools.tbx\Project" Date="20170605" Time="130714">Project BARRIOS_SECTORES_AFECTADOS "C:\A. Jarrin Silva\GIS\INFRAESTRUCTURA\RIESGOS\Geoportal\Barrios_afectados_amenaza_Cotopaxi.shp" PROJCS['WGS84TMQ',GEOGCS['GCS_WGS_1984',DATUM['D_WGS_1984',SPHEROID['WGS_1984',6378137.0,298.257223563]],PRIMEM['Greenwich',0.0],UNIT['Degree',0.0174532925199433]],PROJECTION['Transverse_Mercator_Complex'],PARAMETER['False_Easting',500000.0],PARAMETER['False_Northing',10000000.0],PARAMETER['Central_Meridian',-78.5],PARAMETER['Scale_Factor',1.0004584],PARAMETER['Latitude_Of_Origin',0.0],UNIT['Meter',1.0]] # PROJCS['quitow84',GEOGCS['GCS_WGS_1984',DATUM['D_WGS_1984',SPHEROID['WGS_1984',6378137.0,298.257223563]],PRIMEM['Greenwich',0.0],UNIT['Degree',0.0174532925199433]],PROJECTION['Transverse_Mercator_Complex'],PARAMETER['False_Easting',500000.0],PARAMETER['False_Northing',10000000.0],PARAMETER['Central_Meridian',-78.5],PARAMETER['Scale_Factor',1.0004584],PARAMETER['Latitude_Of_Origin',0.0],UNIT['Meter',1.0]]</Process></lineage><itemProps><itemName Sync="TRUE">BARRIO_SECTOR_A</itemName><imsContentType Sync="TRUE">002</imsContentType><itemSize Sync="TRUE">0.000</itemSize><itemLocation><linkage Sync="TRUE">file://\\PC18DGR53\BD_GEODMGR_2015_RD\GEODATABASE OFICIAL DMGR 2015\CB_BASE_2015.mdb</linkage><protocol Sync="TRUE">Local Area Network</protocol></itemLocation><nativeExtBox><westBL Sync="TRUE">450103.768900</westBL><eastBL Sync="TRUE">536741.395300</eastBL><southBL Sync="TRUE">9934656.141400</southBL><northBL Sync="TRUE">10028255.710300</northBL><exTypeCode Sync="TRUE">1</exTypeCode></nativeExtBox></itemProps><coordRef><type Sync="TRUE">Projected</type><geogcsn Sync="TRUE">GCS_WGS_1984</geogcsn><projcsn Sync="TRUE">quitow84</projcsn><peXml Sync="TRUE">&lt;ProjectedCoordinateSystem xsi:type='typens:ProjectedCoordinateSystem' xmlns:xsi='http://www.w3.org/2001/XMLSchema-instance' xmlns:xs='http://www.w3.org/2001/XMLSchema' xmlns:typens='http://www.esri.com/schemas/ArcGIS/10.1'&gt;&lt;WKT&gt;PROJCS[&amp;quot;quitow84&amp;quot;,GEOGCS[&amp;quot;GCS_WGS_1984&amp;quot;,DATUM[&amp;quot;D_WGS_1984&amp;quot;,SPHEROID[&amp;quot;WGS_1984&amp;quot;,6378137.0,298.257223563]],PRIMEM[&amp;quot;Greenwich&amp;quot;,0.0],UNIT[&amp;quot;Degree&amp;quot;,0.0174532925199433]],PROJECTION[&amp;quot;Transverse_Mercator_Complex&amp;quot;],PARAMETER[&amp;quot;False_Easting&amp;quot;,500000.0],PARAMETER[&amp;quot;False_Northing&amp;quot;,10000000.0],PARAMETER[&amp;quot;Central_Meridian&amp;quot;,-78.5],PARAMETER[&amp;quot;Scale_Factor&amp;quot;,1.0004584],PARAMETER[&amp;quot;Latitude_Of_Origin&amp;quot;,0.0],UNIT[&amp;quot;Meter&amp;quot;,1.0]]&lt;/WKT&gt;&lt;XOrigin&gt;-15421700&lt;/XOrigin&gt;&lt;YOrigin&gt;12700&lt;/YOrigin&gt;&lt;XYScale&gt;10000&lt;/XYScale&gt;&lt;ZOrigin&gt;-100000&lt;/ZOrigin&gt;&lt;ZScale&gt;10000&lt;/ZScale&gt;&lt;MOrigin&gt;-100000&lt;/MOrigin&gt;&lt;MScale&gt;10000&lt;/MScale&gt;&lt;XYTolerance&gt;0.001&lt;/XYTolerance&gt;&lt;ZTolerance&gt;0.001&lt;/ZTolerance&gt;&lt;MTolerance&gt;0.001&lt;/MTolerance&gt;&lt;HighPrecision&gt;true&lt;/HighPrecision&gt;&lt;/ProjectedCoordinateSystem&gt;</peXml><csUnits Sync="TRUE">Linear Unit: Meter (1.000000)</csUnits></coordRef></DataProperties><scaleRange><minScale>150000000</minScale><maxScale>5000</maxScale></scaleRange><ArcGISFormat>1.0</ArcGISFormat><ArcGISProfile>FGDC</ArcGISProfile></Esri><idinfo><native Sync="TRUE">Microsoft Windows Vista Version 6.1 (Build 7601) Service Pack 1; ESRI ArcCatalog 9.3.0.1770</native><descript><langdata Sync="TRUE">es</langdata><abstract>REQUIRED: A brief narrative summary of the data set.</abstract><purpose>REQUIRED: A summary of the intentions with which the data set was developed.</purpose></descript><citation><citeinfo><origin>REQUIRED: The name of an organization or individual that developed the data set.</origin><pubdate>REQUIRED: The date when the data set is published or otherwise made available for release.</pubdate><title Sync="TRUE">sectores_barriales</title><ftname Sync="TRUE">sectores_barriales</ftname><geoform Sync="TRUE">vector digital data</geoform><onlink Sync="TRUE">\\PC18DGR114\C$\INFO DIEGO JURADO\GEODATABASE\Cartografia_base.mdb</onlink></citeinfo></citation><timeperd><current>REQUIRED: The basis on which the time period of content information is determined.</current><timeinfo><sngdate><caldate>REQUIRED: The year (and optionally month, or month and day) for which the data set corresponds to the ground.</caldate></sngdate></timeinfo></timeperd><status><progress>REQUIRED: The state of the data set.</progress><update>REQUIRED: The frequency with which changes and additions are made to the data set after the initial data set is completed.</update></status><spdom><bounding><westbc Sync="TRUE">-78.948039</westbc><eastbc Sync="TRUE">-78.170082</eastbc><northbc Sync="TRUE">0.255419</northbc><southbc Sync="TRUE">-0.590679</southbc></bounding><lboundng><leftbc Sync="TRUE">450103.768900</leftbc><rightbc Sync="TRUE">536741.395300</rightbc><bottombc Sync="TRUE">9934656.141400</bottombc><topbc Sync="TRUE">10028255.710300</topbc></lboundng></spdom><keywords><theme><themekt>REQUIRED: Reference to a formally registered thesaurus or a similar authoritative source of theme keywords.</themekt><themekey>REQUIRED: Common-use word or phrase used to describe the subject of the data set.</themekey></theme></keywords><accconst>REQUIRED: Restrictions and legal prerequisites for accessing the data set.</accconst><useconst>REQUIRED: Restrictions and legal prerequisites for using the data set after access is granted.</useconst><natvform Sync="TRUE">Personal GeoDatabase Feature Class</natvform></idinfo><dataIdInfo><envirDesc Sync="TRUE">Microsoft Windows 7 Version 6.1 (Build 7600) ; Esri ArcGIS 10.1.1.3143</envirDesc><dataLang><languageCode Sync="TRUE" value="spa" country="ECU"/><countryCode value="ECU" Sync="TRUE"/></dataLang><idCitation><resTitle Sync="TRUE">BARRIO_SECTOR_A</resTitle><presForm><PresFormCd Sync="TRUE" value="005"/></presForm></idCitation><spatRpType><SpatRepTypCd Sync="TRUE" value="001"/></spatRpType><dataExt><geoEle><GeoBndBox esriExtentType="native"><westBL Sync="TRUE">450103.7689</westBL><eastBL Sync="TRUE">536741.3953</eastBL><northBL Sync="TRUE">10028255.7103</northBL><southBL Sync="TRUE">9934656.1414</southBL><exTypeCode Sync="TRUE">1</exTypeCode></GeoBndBox></geoEle></dataExt><geoBox esriExtentType="decdegrees"><westBL Sync="TRUE">-78.948039</westBL><eastBL Sync="TRUE">-78.170082</eastBL><northBL Sync="TRUE">0.255419</northBL><southBL Sync="TRUE">-0.590679</southBL><exTypeCode Sync="TRUE">1</exTypeCode></geoBox><descKeys><thesaName uuidref="723f6998-058e-11dc-8314-0800200c9a66"/><keyword Sync="TRUE">002</keyword></descKeys><dataExt><geoEle xmlns=""><GeoBndBox esriExtentType="search"><exTypeCode Sync="TRUE">1</exTypeCode><westBL Sync="TRUE">-78.948039</westBL><eastBL Sync="TRUE">-78.170082</eastBL><northBL Sync="TRUE">0.255419</northBL><southBL Sync="TRUE">-0.590679</southBL></GeoBndBox></geoEle></dataExt><idAbs>&lt;DIV STYLE="text-align:Left;"&gt;&lt;DIV&gt;&lt;P&gt;&lt;SPAN&gt;Contiene los polígonos de los sectores y barrios del DMQ.&lt;/SPAN&gt;&lt;/P&gt;&lt;/DIV&gt;&lt;/DIV&gt;</idAbs></dataIdInfo><metainfo><langmeta Sync="TRUE">es</langmeta><metstdn Sync="TRUE">FGDC Content Standards for Digital Geospatial Metadata</metstdn><metstdv Sync="TRUE">FGDC-STD-001-1998</metstdv><mettc Sync="TRUE">local time</mettc><metc><cntinfo><cntorgp><cntper>REQUIRED: The person responsible for the metadata information.</cntper><cntorg>REQUIRED: The organization responsible for the metadata information.</cntorg></cntorgp><cntaddr><addrtype>REQUIRED: The mailing and/or physical address for the organization or individual.</addrtype><city>REQUIRED: The city of the address.</city><state>REQUIRED: The state or province of the address.</state><postal>REQUIRED: The ZIP or other postal code of the address.</postal></cntaddr><cntvoice>REQUIRED: The telephone number by which individuals can speak to the organization or individual.</cntvoice></cntinfo></metc><metd Sync="TRUE">20120607</metd></metainfo><mdLang><languageCode Sync="TRUE" value="spa"/><countryCode value="ECU" Sync="TRUE"/></mdLang><mdStanName Sync="TRUE">ISO 19115 Geographic Information - Metadata</mdStanName><mdStanVer Sync="TRUE">DIS_ESRI1.0</mdStanVer><mdChar><CharSetCd Sync="TRUE" value="004"/></mdChar><mdHrLv><ScopeCd Sync="TRUE" value="005"/></mdHrLv><mdHrLvName Sync="TRUE">dataset</mdHrLvName><distinfo><resdesc Sync="TRUE">Downloadable Data</resdesc></distinfo><distInfo><distributor><distorTran><onLineSrc><orDesc Sync="TRUE">002</orDesc><linkage Sync="TRUE">file://\\PC18DGR114\C$\INFO DIEGO JURADO\GEODATABASE\Cartografia_base.mdb</linkage><protocol Sync="TRUE">Local Area Network</protocol></onLineSrc></distorTran><distorFormat><formatName Sync="TRUE">Personal GeoDatabase Feature Class</formatName></distorFormat></distributor><distFormat><formatName Sync="TRUE">Personal GeoDatabase Feature Class</formatName></distFormat><distTranOps><transSize Sync="TRUE">0.000</transSize></distTranOps></distInfo><spdoinfo><direct Sync="TRUE">Vector</direct><ptvctinf><esriterm Name="BARRIO_SECTOR_A"><efeatyp Sync="TRUE">Simple</efeatyp><efeageom code="4" Sync="TRUE"></efeageom><esritopo Sync="TRUE">FALSE</esritopo><efeacnt Sync="TRUE">0</efeacnt><spindex Sync="TRUE">TRUE</spindex><linrefer Sync="TRUE">FALSE</linrefer></esriterm></ptvctinf></spdoinfo><spref><horizsys><cordsysn><geogcsn Sync="TRUE">GCS_WGS_1984</geogcsn><projcsn Sync="TRUE">quitow84</projcsn></cordsysn><planar><planci><plance Sync="TRUE">coordinate pair</plance><plandu Sync="TRUE">meters</plandu><coordrep><absres Sync="TRUE">0.000100</absres><ordres Sync="TRUE">0.000100</ordres></coordrep></planci></planar><geodetic><horizdn Sync="TRUE">D_WGS_1984</horizdn><ellips Sync="TRUE">WGS_1984</ellips><semiaxis Sync="TRUE">6378137.000000</semiaxis><denflat Sync="TRUE">298.257224</denflat></geodetic></horizsys><vertdef><altsys><altenc Sync="TRUE">Explicit elevation coordinate included with horizontal coordinates</altenc><altres Sync="TRUE">0.000100</altres></altsys></vertdef></spref><refSysInfo><RefSystem><refSysID><identCode Sync="TRUE" code="0" value="0">quitow84</identCode></refSysID></RefSystem></refSysInfo><spatRepInfo><VectSpatRep><geometObjs Name="BARRIO_SECTOR_A"><geoObjTyp><GeoObjTypCd value="002" Sync="TRUE"></GeoObjTypCd></geoObjTyp><geoObjCnt Sync="TRUE">0</geoObjCnt></geometObjs><topLvl><TopoLevCd value="001" Sync="TRUE"></TopoLevCd></topLvl></VectSpatRep></spatRepInfo><eainfo><detailed Name="BARRIO_SECTOR_A"><enttyp><enttypl Sync="TRUE">BARRIO_SECTOR_A</enttypl><enttypt Sync="TRUE">Feature Class</enttypt><enttypc Sync="TRUE">0</enttypc></enttyp><attr><attrlabl Sync="TRUE">OBJECTID</attrlabl><attalias Sync="TRUE">OBJECTID</attalias><attrtype Sync="TRUE">OID</attrtype><attwidth Sync="TRUE">4</attwidth><atprecis Sync="TRUE">0</atprecis><attscale Sync="TRUE">0</attscale><attrdef Sync="TRUE">Internal feature number.</attrdef><attrdefs Sync="TRUE">Esri</attrdefs><attrdomv><udom Sync="TRUE">Sequential unique whole numbers that are automatically generated.</udom></attrdomv></attr><attr><attrlabl Sync="TRUE">Shape</attrlabl><attalias Sync="TRUE">Shape</attalias><attrtype Sync="TRUE">Geometry</attrtype><attwidth Sync="TRUE">0</attwidth><atprecis Sync="TRUE">0</atprecis><attscale Sync="TRUE">0</attscale><attrdef Sync="TRUE">Feature geometry.</attrdef><attrdefs Sync="TRUE">ESRI</attrdefs><attrdomv><udom Sync="TRUE">Coordinates defining the features.</udom></attrdomv></attr><attr><attrlabl Sync="TRUE">CLAVE_BARR</attrlabl><attalias Sync="TRUE">CLAVE_BARR</attalias><attrtype Sync="TRUE">String</attrtype><attwidth Sync="TRUE">16</attwidth><atprecis Sync="TRUE">0</atprecis><attscale Sync="TRUE">0</attscale></attr><attr><attrlabl Sync="TRUE">NOMBRE_SEC</attrlabl><attalias Sync="TRUE">NOMBRE_SEC</attalias><attrtype Sync="TRUE">String</attrtype><attwidth Sync="TRUE">16</attwidth><atprecis Sync="TRUE">0</atprecis><attscale Sync="TRUE">0</attscale></attr><attr><attrlabl Sync="TRUE">CLE_NORMAL</attrlabl><attalias Sync="TRUE">CLE_NORMAL</attalias><attrtype Sync="TRUE">String</attrtype><attwidth Sync="TRUE">16</attwidth><atprecis Sync="TRUE">0</atprecis><attscale Sync="TRUE">0</attscale></attr><attr><attrlabl Sync="TRUE">CLE_PARROQ</attrlabl><attalias Sync="TRUE">CLE_PARROQ</attalias><attrtype Sync="TRUE">String</attrtype><attwidth Sync="TRUE">16</attwidth><atprecis Sync="TRUE">0</atprecis><attscale Sync="TRUE">0</attscale></attr><attr><attrlabl Sync="TRUE">CLE_ZONA</attrlabl><attalias Sync="TRUE">CLE_ZONA</attalias><attrtype Sync="TRUE">String</attrtype><attwidth Sync="TRUE">16</attwidth><atprecis Sync="TRUE">0</atprecis><attscale Sync="TRUE">0</attscale></attr><attr><attrlabl Sync="TRUE">PARROQUIA</attrlabl><attalias Sync="TRUE">PARROQUIA</attalias><attrtype Sync="TRUE">String</attrtype><attwidth Sync="TRUE">16</attwidth><atprecis Sync="TRUE">0</atprecis><attscale Sync="TRUE">0</attscale></attr><attr><attrlabl Sync="TRUE">ZON_ADMINI</attrlabl><attalias Sync="TRUE">ZON_ADMINI</attalias><attrtype Sync="TRUE">String</attrtype><attwidth Sync="TRUE">16</attwidth><atprecis Sync="TRUE">0</atprecis><attscale Sync="TRUE">0</attscale></attr><attr><attrlabl Sync="TRUE">Shape_Leng</attrlabl><attalias Sync="TRUE">Shape_Leng</attalias><attrtype Sync="TRUE">Double</attrtype><attwidth Sync="TRUE">8</attwidth><atprecis Sync="TRUE">0</atprecis><attscale Sync="TRUE">0</attscale></attr><attr><attrlabl Sync="TRUE">Shape_Length</attrlabl><attalias Sync="TRUE">Shape_Length</attalias><attrtype Sync="TRUE">Double</attrtype><attwidth Sync="TRUE">8</attwidth><atprecis Sync="TRUE">0</atprecis><attscale Sync="TRUE">0</attscale><attrdef Sync="TRUE">Length of feature in internal units.</attrdef><attrdefs Sync="TRUE">Esri</attrdefs><attrdomv><udom Sync="TRUE">Positive real numbers that are automatically generated.</udom></attrdomv></attr><attr><attrlabl Sync="TRUE">Shape_Area</attrlabl><attalias Sync="TRUE">Shape_Area</attalias><attrtype Sync="TRUE">Double</attrtype><attwidth Sync="TRUE">8</attwidth><atprecis Sync="TRUE">0</atprecis><attscale Sync="TRUE">0</attscale><attrdef Sync="TRUE">Area of feature in internal units squared.</attrdef><attrdefs Sync="TRUE">ESRI</attrdefs><attrdomv><udom Sync="TRUE">Positive real numbers that are automatically generated.</udom></attrdomv></attr></detailed></eainfo><mdDateSt Sync="TRUE">20150121</mdDateSt><dataqual><lineage><procstep><procdesc Sync="TRUE">Dataset copied.</procdesc><srcused Sync="TRUE">\\JAIRO-PC\L$\gioco_disk\Cartografía\Cartografia_Base.mdb</srcused><procdate Sync="TRUE">20110411</procdate><proctime Sync="TRUE">10093000</proctime></procstep></lineage></dataqual><mdContact xmlns=""><rpIndName>Marcelo Yánez</rpIndName><rpOrgName>Secretaría de Hábitat, Territorio y viviemda</rpOrgName></mdContact></metadata>
