<?xml version="1.0" encoding="UTF-8"?>
<metadata xml:lang="es"><Esri><CreaDate>20170703</CreaDate><CreaTime>13292400</CreaTime><ArcGISFormat>1.0</ArcGISFormat><SyncOnce>FALSE</SyncOnce><DataProperties><itemProps><itemName Sync="TRUE">RIOS</itemName><imsContentType Sync="TRUE" export="False">002</imsContentType><itemLocation><linkage Sync="TRUE">file://\\PC12CATAS63\Users\fguano\Desktop\21_06_2017_CAPAS_PLANIFICACION\CARTOGRAFIA_BASE.mdb</linkage><protocol Sync="TRUE">Local Area Network</protocol></itemLocation><nativeExtBox><westBL Sync="TRUE">470005.321600</westBL><eastBL Sync="TRUE">525097.980000</eastBL><southBL Sync="TRUE">9954124.280000</southBL><northBL Sync="TRUE">10019802.783000</northBL><exTypeCode Sync="TRUE">1</exTypeCode></nativeExtBox></itemProps><coordRef><type Sync="TRUE">Projected</type><geogcsn Sync="TRUE">GCS_WGS_1984</geogcsn><csUnits Sync="TRUE">Linear Unit: Meter (1.000000)</csUnits><projcsn Sync="TRUE">WGS84TM_DMQ</projcsn><peXml Sync="TRUE">&lt;ProjectedCoordinateSystem xsi:type='typens:ProjectedCoordinateSystem' xmlns:xsi='http://www.w3.org/2001/XMLSchema-instance' xmlns:xs='http://www.w3.org/2001/XMLSchema' xmlns:typens='http://www.esri.com/schemas/ArcGIS/10.1'&gt;&lt;WKT&gt;PROJCS[&amp;quot;WGS84TM_DMQ&amp;quot;,GEOGCS[&amp;quot;GCS_WGS_1984&amp;quot;,DATUM[&amp;quot;D_WGS_1984&amp;quot;,SPHEROID[&amp;quot;WGS_1984&amp;quot;,6378137.0,298.257223563]],PRIMEM[&amp;quot;Greenwich&amp;quot;,0.0],UNIT[&amp;quot;Degree&amp;quot;,0.0174532925199433]],PROJECTION[&amp;quot;Transverse_Mercator&amp;quot;],PARAMETER[&amp;quot;False_Easting&amp;quot;,500000.0],PARAMETER[&amp;quot;False_Northing&amp;quot;,10000000.0],PARAMETER[&amp;quot;Central_Meridian&amp;quot;,-78.5],PARAMETER[&amp;quot;Scale_Factor&amp;quot;,1.0004584],PARAMETER[&amp;quot;Latitude_Of_Origin&amp;quot;,0.0],UNIT[&amp;quot;Meter&amp;quot;,1.0]]&lt;/WKT&gt;&lt;XOrigin&gt;-5125700&lt;/XOrigin&gt;&lt;YOrigin&gt;-6700&lt;/YOrigin&gt;&lt;XYScale&gt;10000&lt;/XYScale&gt;&lt;ZOrigin&gt;-100000&lt;/ZOrigin&gt;&lt;ZScale&gt;10000&lt;/ZScale&gt;&lt;MOrigin&gt;-100000&lt;/MOrigin&gt;&lt;MScale&gt;10000&lt;/MScale&gt;&lt;XYTolerance&gt;0.001&lt;/XYTolerance&gt;&lt;ZTolerance&gt;0.001&lt;/ZTolerance&gt;&lt;MTolerance&gt;0.001&lt;/MTolerance&gt;&lt;HighPrecision&gt;true&lt;/HighPrecision&gt;&lt;/ProjectedCoordinateSystem&gt;</peXml></coordRef><lineage><Process ToolSource="c:\program files\arcgis\desktop10.1\ArcToolbox\Toolboxes\Data Management Tools.tbx\CopyFeatures" Date="20160506" Time="113258" Name="" export="">CopyFeatures "20037_3D.dgn Group Layer\20037_3D.dgn Polyline" "C:\Users\necastillo\Desktop\DMC\DMC\Cartografía 1000 Stereocarto  3D\SterecartoCasa.gdb\Provisional\_3D_dgn_Group_Layer_20037_3D_dgn_Polyline" # 0 0 0</Process><Process ToolSource="c:\program files\arcgis\desktop10.1\ArcToolbox\Toolboxes\Data Management Tools.tbx\Merge" Date="20160506" Time="113618" Name="" export="">Merge _3D_dgn_Group_Layer_20037_3D_dgn_Polyline;_3D_DGN_Group_Layer_20018_3D_DGN_Polyline;_3D_DGN_Group_Layer_20019_3D_DGN_Polyline;_3D_DGN_Group_Layer_20020_3D_DGN_Polyline;_3D_DGN_Group_Layer_20021_3D_DGN_Polyline;_3D_DGN_Group_Layer_20022_3D_DGN_Polyline;_3D_DGN_Group_Layer_20023_3D_DGN_Polyline;_3D_DGN_Group_Layer_20024_3D_DGN_Polyline;_3D_DGN_Group_Layer_20027_3D_DGN_Polyline;_3D_dgn_Group_Layer_20028_3D_dgn_Polyline;_3D_dgn_Group_Layer_20029_3D_dgn_Polyline;_3D_dgn_Group_Layer_20030_3D_dgn_Polyline;_3D_dgn_Group_Layer_20031_3D_dgn_Polyline;_3D_dgn_Group_Layer_20032_3D_dgn_Polyline;_3D_dgn_Group_Layer_20033_3D_dgn_Polyline;_3D_dgn_Group_Layer_20036_3D_dgn_Polyline;_3D_DGN_Group_Layer_20007_3D_DGN_Polyline;_3D_DGN_Group_Layer_20008_3D_DGN_Polyline;_3D_DGN_Group_Layer_20009_3D_DGN_Polyline;_3D_DGN_Group_Layer_20010_3D_DGN_Polyline;_3D_DGN_Group_Layer_20011_3D_DGN_Polyline;_3D_DGN_Group_Layer_20012_3D_DGN_Polyline;_3D_DGN_Group_Layer_20013_3D_DGN_Polyline;_3D_DGN_Group_Layer_20014_3D_DGN_Polyline;_3D_DGN_Group_Layer_20015_3D_DGN_Polyline;_3D_DGN_Group_Layer_20016_3D_DGN_Polyline;_3D_DGN_Group_Layer_20017_3D_DGN_Polyline;_3D_DGN_Group_Layer_20025_3D_DGN_Polyline;_3D_DGN_Group_Layer_20026_3D_DGN_Polyline;_3D_dgn_Group_Layer_20034_3D_dgn_Polyline;_3D_dgn_Group_Layer_20035_3D_dgn_Polyline "C:\Users\necastillo\Desktop\DMC\DMC\Cartografía 1000 Stereocarto  3D\SterecartoCasa.gdb\Base\Parte57" "Layer "Layer" true true false 255 Text 0 0 ,First,#,_3D_dgn_Group_Layer_20037_3D_dgn_Polyline,Layer,-1,-1,_3D_DGN_Group_Layer_20018_3D_DGN_Polyline,Layer,-1,-1,_3D_DGN_Group_Layer_20019_3D_DGN_Polyline,Layer,-1,-1,_3D_DGN_Group_Layer_20020_3D_DGN_Polyline,Layer,-1,-1,_3D_DGN_Group_Layer_20021_3D_DGN_Polyline,Layer,-1,-1,_3D_DGN_Group_Layer_20022_3D_DGN_Polyline,Layer,-1,-1,_3D_DGN_Group_Layer_20023_3D_DGN_Polyline,Layer,-1,-1,_3D_DGN_Group_Layer_20024_3D_DGN_Polyline,Layer,-1,-1,_3D_DGN_Group_Layer_20027_3D_DGN_Polyline,Layer,-1,-1,_3D_dgn_Group_Layer_20028_3D_dgn_Polyline,Layer,-1,-1,_3D_dgn_Group_Layer_20029_3D_dgn_Polyline,Layer,-1,-1,_3D_dgn_Group_Layer_20030_3D_dgn_Polyline,Layer,-1,-1,_3D_dgn_Group_Layer_20031_3D_dgn_Polyline,Layer,-1,-1,_3D_dgn_Group_Layer_20032_3D_dgn_Polyline,Layer,-1,-1,_3D_dgn_Group_Layer_20033_3D_dgn_Polyline,Layer,-1,-1,_3D_dgn_Group_Layer_20036_3D_dgn_Polyline,Layer,-1,-1,_3D_DGN_Group_Layer_20007_3D_DGN_Polyline,Layer,-1,-1,_3D_DGN_Group_Layer_20008_3D_DGN_Polyline,Layer,-1,-1,_3D_DGN_Group_Layer_20009_3D_DGN_Polyline,Layer,-1,-1,_3D_DGN_Group_Layer_20010_3D_DGN_Polyline,Layer,-1,-1,_3D_DGN_Group_Layer_20011_3D_DGN_Polyline,Layer,-1,-1,_3D_DGN_Group_Layer_20012_3D_DGN_Polyline,Layer,-1,-1,_3D_DGN_Group_Layer_20013_3D_DGN_Polyline,Layer,-1,-1,_3D_DGN_Group_Layer_20014_3D_DGN_Polyline,Layer,-1,-1,_3D_DGN_Group_Layer_20015_3D_DGN_Polyline,Layer,-1,-1,_3D_DGN_Group_Layer_20016_3D_DGN_Polyline,Layer,-1,-1,_3D_DGN_Group_Layer_20017_3D_DGN_Polyline,Layer,-1,-1,_3D_DGN_Group_Layer_20025_3D_DGN_Polyline,Layer,-1,-1,_3D_DGN_Group_Layer_20026_3D_DGN_Polyline,Layer,-1,-1,_3D_dgn_Group_Layer_20034_3D_dgn_Polyline,Layer,-1,-1,_3D_dgn_Group_Layer_20035_3D_dgn_Polyline,Layer,-1,-1;Elevation "Elevation" true true false 8 Double 0 0 ,First,#,_3D_dgn_Group_Layer_20037_3D_dgn_Polyline,Elevation,-1,-1,_3D_DGN_Group_Layer_20018_3D_DGN_Polyline,Elevation,-1,-1,_3D_DGN_Group_Layer_20019_3D_DGN_Polyline,Elevation,-1,-1,_3D_DGN_Group_Layer_20020_3D_DGN_Polyline,Elevation,-1,-1,_3D_DGN_Group_Layer_20021_3D_DGN_Polyline,Elevation,-1,-1,_3D_DGN_Group_Layer_20022_3D_DGN_Polyline,Elevation,-1,-1,_3D_DGN_Group_Layer_20023_3D_DGN_Polyline,Elevation,-1,-1,_3D_DGN_Group_Layer_20024_3D_DGN_Polyline,Elevation,-1,-1,_3D_DGN_Group_Layer_20027_3D_DGN_Polyline,Elevation,-1,-1,_3D_dgn_Group_Layer_20028_3D_dgn_Polyline,Elevation,-1,-1,_3D_dgn_Group_Layer_20029_3D_dgn_Polyline,Elevation,-1,-1,_3D_dgn_Group_Layer_20030_3D_dgn_Polyline,Elevation,-1,-1,_3D_dgn_Group_Layer_20031_3D_dgn_Polyline,Elevation,-1,-1,_3D_dgn_Group_Layer_20032_3D_dgn_Polyline,Elevation,-1,-1,_3D_dgn_Group_Layer_20033_3D_dgn_Polyline,Elevation,-1,-1,_3D_dgn_Group_Layer_20036_3D_dgn_Polyline,Elevation,-1,-1,_3D_DGN_Group_Layer_20007_3D_DGN_Polyline,Elevation,-1,-1,_3D_DGN_Group_Layer_20008_3D_DGN_Polyline,Elevation,-1,-1,_3D_DGN_Group_Layer_20009_3D_DGN_Polyline,Elevation,-1,-1,_3D_DGN_Group_Layer_20010_3D_DGN_Polyline,Elevation,-1,-1,_3D_DGN_Group_Layer_20011_3D_DGN_Polyline,Elevation,-1,-1,_3D_DGN_Group_Layer_20012_3D_DGN_Polyline,Elevation,-1,-1,_3D_DGN_Group_Layer_20013_3D_DGN_Polyline,Elevation,-1,-1,_3D_DGN_Group_Layer_20014_3D_DGN_Polyline,Elevation,-1,-1,_3D_DGN_Group_Layer_20015_3D_DGN_Polyline,Elevation,-1,-1,_3D_DGN_Group_Layer_20016_3D_DGN_Polyline,Elevation,-1,-1,_3D_DGN_Group_Layer_20017_3D_DGN_Polyline,Elevation,-1,-1,_3D_DGN_Group_Layer_20025_3D_DGN_Polyline,Elevation,-1,-1,_3D_DGN_Group_Layer_20026_3D_DGN_Polyline,Elevation,-1,-1,_3D_dgn_Group_Layer_20034_3D_dgn_Polyline,Elevation,-1,-1,_3D_dgn_Group_Layer_20035_3D_dgn_Polyline,Elevation,-1,-1"</Process><Process ToolSource="c:\program files\arcgis\desktop10.1\ArcToolbox\Toolboxes\Data Management Tools.tbx\Merge" Date="20160512" Time="122743" Name="" export="">Merge Parte57;Corte1;Corte2 "C:\Users\necastillo\Desktop\DMC\DMC\Cartografía 1000 Stereocarto  3D\SterecartoCasa.gdb\Base\CartografiaStereocarto" "Layer "Layer" true true false 255 Text 0 0 ,First,#,Parte57,Layer,-1,-1,Corte1,Layer,-1,-1,Corte2,Layer,-1,-1;Elevation "Elevation" true true false 8 Double 0 0 ,First,#,Parte57,Elevation,-1,-1,Corte1,Elevation,-1,-1,Corte2,Elevation,-1,-1"</Process><Process ToolSource="C:\Program Files\ArcGIS\Desktop10.0\ArcToolbox\Toolboxes\Data Management Tools.tbx\CalculateField" Date="20160529" Time="215632" Name="" export="">CalculateField Río_prov fcode "BH140" VB #</Process><Process ToolSource="C:\Program Files\ArcGIS\Desktop10.0\ArcToolbox\Toolboxes\Data Management Tools.tbx\CalculateField" Date="20160529" Time="215651" Name="" export="">CalculateField Río_prov acc "2.- Aproximada" VB #</Process><Process ToolSource="C:\Program Files\ArcGIS\Desktop10.0\ArcToolbox\Toolboxes\Data Management Tools.tbx\CalculateField" Date="20160529" Time="215711" Name="" export="">CalculateField Río_prov hyp "-1.- Información no Disponible" VB #</Process><Process ToolSource="C:\Program Files\ArcGIS\Desktop10.0\ArcToolbox\Toolboxes\Data Management Tools.tbx\CalculateField" Date="20160529" Time="215738" Name="" export="">CalculateField Río_prov descripcion "Curso de agua que fluye naturalmente" VB #</Process><Process ToolSource="c:\program files (x86)\arcgis\desktop10.1\ArcToolbox\Toolboxes\Conversion Tools.tbx\FeatureClassToFeatureClass" Date="20170621" Time="152415">FeatureClassToFeatureClass "Z:\CARTOGRAFIA BASE 1000_5000\CARTOGRAFIA BASE STEREOCARTO 1000.gdb\Aguas_Interiores\BH_Río" C:\Users\fguano\Desktop\21_06_2017_CAPAS_PLANIFICACION\CARTOGRAFIA_BASE.mdb RIOS # "Layer "Layer" true true false 255 Text 0 0 ,First,#,Z:\CARTOGRAFIA BASE 1000_5000\CARTOGRAFIA BASE STEREOCARTO 1000.gdb\Aguas_Interiores\BH_Río,Layer,-1,-1;Elevation "Elevation" true true false 8 Double 0 0 ,First,#,Z:\CARTOGRAFIA BASE 1000_5000\CARTOGRAFIA BASE STEREOCARTO 1000.gdb\Aguas_Interiores\BH_Río,Elevation,-1,-1;fcode "fcode" true true false 10 Text 0 0 ,First,#,Z:\CARTOGRAFIA BASE 1000_5000\CARTOGRAFIA BASE STEREOCARTO 1000.gdb\Aguas_Interiores\BH_Río,fcode,-1,-1;nam "nam" true true false 50 Text 0 0 ,First,#,Z:\CARTOGRAFIA BASE 1000_5000\CARTOGRAFIA BASE STEREOCARTO 1000.gdb\Aguas_Interiores\BH_Río,nam,-1,-1;na2 "na2" true true false 50 Text 0 0 ,First,#,Z:\CARTOGRAFIA BASE 1000_5000\CARTOGRAFIA BASE STEREOCARTO 1000.gdb\Aguas_Interiores\BH_Río,na2,-1,-1;acc "acc" true true false 100 Text 0 0 ,First,#,Z:\CARTOGRAFIA BASE 1000_5000\CARTOGRAFIA BASE STEREOCARTO 1000.gdb\Aguas_Interiores\BH_Río,acc,-1,-1;hyp "hyp" true true false 100 Text 0 0 ,First,#,Z:\CARTOGRAFIA BASE 1000_5000\CARTOGRAFIA BASE STEREOCARTO 1000.gdb\Aguas_Interiores\BH_Río,hyp,-1,-1;txt "txt" true true false 50 Text 0 0 ,First,#,Z:\CARTOGRAFIA BASE 1000_5000\CARTOGRAFIA BASE STEREOCARTO 1000.gdb\Aguas_Interiores\BH_Río,txt,-1,-1;descripcion "descripcion" true true false 200 Text 0 0 ,First,#,Z:\CARTOGRAFIA BASE 1000_5000\CARTOGRAFIA BASE STEREOCARTO 1000.gdb\Aguas_Interiores\BH_Río,descripcion,-1,-1" #</Process><Process ToolSource="c:\program files (x86)\arcgis\desktop10.1\ArcToolbox\Toolboxes\Data Management Tools.tbx\Project" Date="20170703" Time="132925">Project Rios_parroquias_rurales "C:\A. Jarrin Silva\GIS\TERRITORIO\CATASTRO\RIOS\Rios_parroquias_rurales_.shp" PROJCS['WGS84TMQ',GEOGCS['GCS_WGS_1984',DATUM['D_WGS_1984',SPHEROID['WGS_1984',6378137.0,298.257223563]],PRIMEM['Greenwich',0.0],UNIT['Degree',0.0174532925199433]],PROJECTION['Transverse_Mercator_Complex'],PARAMETER['False_Easting',500000.0],PARAMETER['False_Northing',10000000.0],PARAMETER['Central_Meridian',-78.5],PARAMETER['Scale_Factor',1.0004584],PARAMETER['Latitude_Of_Origin',0.0],UNIT['Meter',1.0]] # PROJCS['WGS84TM_DMQ',GEOGCS['GCS_WGS_1984',DATUM['D_WGS_1984',SPHEROID['WGS_1984',6378137.0,298.257223563]],PRIMEM['Greenwich',0.0],UNIT['Degree',0.0174532925199433]],PROJECTION['Transverse_Mercator'],PARAMETER['False_Easting',500000.0],PARAMETER['False_Northing',10000000.0],PARAMETER['Central_Meridian',-78.5],PARAMETER['Scale_Factor',1.0004584],PARAMETER['Latitude_Of_Origin',0.0],UNIT['Meter',1.0]]</Process></lineage></DataProperties><SyncDate>20170621</SyncDate><SyncTime>15240500</SyncTime><ModDate>20170621</ModDate><ModTime>15240500</ModTime><scaleRange><minScale>150000000</minScale><maxScale>5000</maxScale></scaleRange><ArcGISProfile>ISO19139</ArcGISProfile><locales><locale language="spa" country="EC" xmlns=""><idAbs>La cartografía base está contemplada para el área rural del Distrito Metropolitano de Quito </idAbs></locale></locales></Esri><dataIdInfo><envirDesc Sync="TRUE"> Version 6.2 (Build 9200) ; Esri ArcGIS 10.1.0.3035</envirDesc><dataLang><languageCode value="spa" Sync="TRUE"/><countryCode value="ECU" Sync="TRUE"/></dataLang><idCitation xmlns=""><resTitle Sync="TRUE">RIOS</resTitle><presForm xmlns=""><PresFormCd value="005" Sync="TRUE"/></presForm><resAltTitle>BH140000</resAltTitle><collTitle>BH140</collTitle><date><reviseDate>2016-05-07T00:00:00</reviseDate></date><resEdDate>20160609</resEdDate></idCitation><spatRpType><SpatRepTypCd value="001" Sync="TRUE"/></spatRpType><dataExt xmlns=""><vertEle><vertMinVal Sync="TRUE">0.000000</vertMinVal><vertMaxVal Sync="TRUE">3389.216200</vertMaxVal></vertEle></dataExt><dataExt xmlns=""><geoEle xmlns=""><GeoBndBox esriExtentType="search"><exTypeCode Sync="TRUE">1</exTypeCode><westBL Sync="TRUE">-78.769329</westBL><eastBL Sync="TRUE">-78.274639</eastBL><northBL Sync="TRUE">0.179008</northBL><southBL Sync="TRUE">-0.414696</southBL></GeoBndBox></geoEle></dataExt><idPurp>La cartografía base funciona como insumo básico para la generación de mapas temáticos dentro del Distrito Metropolitano de Quito, mediante los cuales se genera toda la información catastral que servirá de soporte en la gestión municipal.</idPurp><idAbs>&lt;DIV STYLE="text-align:Left;"&gt;&lt;DIV&gt;&lt;DIV&gt;&lt;P STYLE="text-align:Justify;margin:16 0 0 0;"&gt;&lt;SPAN&gt;&lt;SPAN&gt;Generación de cartografía 1:1000 de las parroquias rurales del Distrito Metropolitano de Quito, categorizada de acuerdo al catálogo de objetos de cartografía base IGM 1:5000&lt;/SPAN&gt;&lt;/SPAN&gt;&lt;/P&gt;&lt;P&gt;&lt;SPAN /&gt;&lt;/P&gt;&lt;/DIV&gt;&lt;/DIV&gt;&lt;/DIV&gt;</idAbs><dataChar><CharSetCd value="004"/></dataChar><idPoC xmlns=""><rpIndName>Lara Roman Silvana </rpIndName><rpOrgName>Dirección Metropolitana de Catastro / Unidad de Geomática </rpOrgName><rpPosName>Coordinadora de Administración Geoespacial </rpPosName><role><RoleCd value="005"/></role></idPoC><resMaint xmlns=""><maintFreq><MaintFreqCd value="011"/></maintFreq></resMaint><tpCat><TopicCatCd value="012"/></tpCat></dataIdInfo><mdLang><languageCode value="spa" Sync="TRUE"/><countryCode value="ECU" Sync="TRUE"/></mdLang><distInfo xmlns=""><distFormat xmlns=""><formatName Sync="TRUE">Personal GeoDatabase Feature Class</formatName><formatVer>Con servicios WMS y WFS </formatVer></distFormat></distInfo><mdHrLv><ScopeCd value="005" Sync="TRUE"/></mdHrLv><mdHrLvName Sync="TRUE">dataset</mdHrLvName><refSysInfo><RefSystem dimension=""><refSysID xmlns=""><identCode code="Sistema de coordenadas WGS 84, modificada al SIRES – DMQ (Sistema de Referencia Espacial para el DMQ)" Sync="TRUE" value="0"/></refSysID></RefSystem></refSysInfo><spatRepInfo><VectSpatRep><geometObjs Name="RIOS"><geoObjTyp><GeoObjTypCd value="002" Sync="TRUE"></GeoObjTypCd></geoObjTyp><geoObjCnt Sync="TRUE">0</geoObjCnt></geometObjs><topLvl><TopoLevCd value="001" Sync="TRUE"></TopoLevCd></topLvl></VectSpatRep></spatRepInfo><spdoinfo><ptvctinf><esriterm Name="RIOS"><efeatyp Sync="TRUE">Simple</efeatyp><efeageom code="3" Sync="TRUE"></efeageom><esritopo Sync="TRUE">FALSE</esritopo><efeacnt Sync="TRUE">0</efeacnt><spindex Sync="TRUE">TRUE</spindex><linrefer Sync="TRUE">FALSE</linrefer></esriterm></ptvctinf></spdoinfo><eainfo><detailed Name="RIOS" xmlns=""><enttyp><enttypl Sync="TRUE">RIOS</enttypl><enttypt Sync="TRUE">Feature Class</enttypt><enttypc Sync="TRUE">0</enttypc><enttypd>Curso de agua que fluye naturalmente.</enttypd><enttypds>Catálogo de Objetos del Instituto Geográfico Militar para Cartografía Base escala 1:5000 </enttypds></enttyp><attr xmlns=""><attrlabl Sync="TRUE">OBJECTID</attrlabl><attalias Sync="TRUE">OBJECTID</attalias><attrtype Sync="TRUE">OID</attrtype><attwidth Sync="TRUE">4</attwidth><atprecis Sync="TRUE">0</atprecis><attscale Sync="TRUE">0</attscale><attrdef Sync="TRUE">Internal feature number.</attrdef><attrdefs Sync="TRUE">Esri</attrdefs><attrdomv><udom Sync="TRUE">Sequential unique whole numbers that are automatically generated.</udom></attrdomv></attr><attr xmlns=""><attrlabl Sync="TRUE">Shape</attrlabl><attalias Sync="TRUE">Shape</attalias><attrtype Sync="TRUE">Geometry</attrtype><attwidth Sync="TRUE">0</attwidth><atprecis Sync="TRUE">0</atprecis><attscale Sync="TRUE">0</attscale><attrdef Sync="TRUE">Feature geometry.</attrdef><attrdefs Sync="TRUE">Esri</attrdefs><attrdomv><udom Sync="TRUE">Coordinates defining the features.</udom></attrdomv></attr><attr xmlns=""><attrlabl Sync="TRUE">Layer</attrlabl><attalias Sync="TRUE">Layer</attalias><attrtype Sync="TRUE">String</attrtype><attwidth Sync="TRUE">255</attwidth><atprecis Sync="TRUE">0</atprecis><attscale Sync="TRUE">0</attscale><attrdef>Tipo de Cobertura </attrdef><attrdefs>Default </attrdefs></attr><attr xmlns=""><attrlabl Sync="TRUE">Elevation</attrlabl><attalias Sync="TRUE">Elevation</attalias><attrtype Sync="TRUE">Double</attrtype><attwidth Sync="TRUE">8</attwidth><atprecis Sync="TRUE">0</atprecis><attscale Sync="TRUE">0</attscale><attrdef>Elevación </attrdef><attrdefs>Default </attrdefs></attr><attr xmlns=""><attrlabl Sync="TRUE">fcode</attrlabl><attalias Sync="TRUE">fcode</attalias><attrtype Sync="TRUE">String</attrtype><attwidth Sync="TRUE">10</attwidth><atprecis Sync="TRUE">0</atprecis><attscale Sync="TRUE">0</attscale><attrdef>Código de atributo </attrdef><attrdefs>Catálogo de Objetos del Instituto Geográfico Militar para Cartografía Base escala 1:5000 </attrdefs></attr><attr xmlns=""><attrlabl Sync="TRUE">nam</attrlabl><attalias Sync="TRUE">nam</attalias><attrtype Sync="TRUE">String</attrtype><attwidth Sync="TRUE">50</attwidth><atprecis Sync="TRUE">0</atprecis><attscale Sync="TRUE">0</attscale><attrdef>Nombre con el que se le conoce al río </attrdef><attrdefs>Catálogo de Objetos del Instituto Geográfico Militar para Cartografía Base escala 1:5000 </attrdefs></attr><attr xmlns=""><attrlabl Sync="TRUE">na2</attrlabl><attalias Sync="TRUE">na2</attalias><attrtype Sync="TRUE">String</attrtype><attwidth Sync="TRUE">50</attwidth><atprecis Sync="TRUE">0</atprecis><attscale Sync="TRUE">0</attscale><attrdef>Nombre turítico con el que se le conoce al río </attrdef><attrdefs>Catálogo de Objetos del Instituto Geográfico Militar para Cartografía Base escala 1:5000 </attrdefs></attr><attr xmlns=""><attrlabl Sync="TRUE">acc</attrlabl><attalias Sync="TRUE">acc</attalias><attrtype Sync="TRUE">String</attrtype><attwidth Sync="TRUE">100</attwidth><atprecis Sync="TRUE">0</atprecis><attscale Sync="TRUE">0</attscale><attrdef>Código de categoría de precisión horizontal </attrdef><attrdefs>Catálogo de Objetos del Instituto Geográfico Militar para Cartografía Base escala 1:5000 </attrdefs></attr><attr xmlns=""><attrlabl Sync="TRUE">hyp</attrlabl><attalias Sync="TRUE">hyp</attalias><attrtype Sync="TRUE">String</attrtype><attwidth Sync="TRUE">100</attwidth><atprecis Sync="TRUE">0</atprecis><attscale Sync="TRUE">0</attscale><attrdef>Código de persistencia hidrológica </attrdef><attrdefs>Catálogo de Objetos del Instituto Geográfico Militar para Cartografía Base escala 1:5000 </attrdefs></attr><attr xmlns=""><attrlabl Sync="TRUE">txt</attrlabl><attalias Sync="TRUE">txt</attalias><attrtype Sync="TRUE">String</attrtype><attwidth Sync="TRUE">50</attwidth><atprecis Sync="TRUE">0</atprecis><attscale Sync="TRUE">0</attscale><attrdef>Texto asociado </attrdef><attrdefs>Catálogo de Objetos del Instituto Geográfico Militar para Cartografía Base escala 1:5000 </attrdefs></attr><attr xmlns=""><attrlabl Sync="TRUE">descripcion</attrlabl><attalias Sync="TRUE">descripcion</attalias><attrtype Sync="TRUE">String</attrtype><attwidth Sync="TRUE">200</attwidth><atprecis Sync="TRUE">0</atprecis><attscale Sync="TRUE">0</attscale><attrdef>descripción </attrdef><attrdefs>Catálogo de Objetos del Instituto Geográfico Militar para Cartografía Base escala 1:5000 </attrdefs></attr><attr xmlns=""><attrlabl Sync="TRUE">Shape_Length</attrlabl><attalias Sync="TRUE">Shape_Length</attalias><attrtype Sync="TRUE">Double</attrtype><attwidth Sync="TRUE">8</attwidth><atprecis Sync="TRUE">0</atprecis><attscale Sync="TRUE">0</attscale><attrdef Sync="TRUE">Length of feature in internal units.</attrdef><attrdefs Sync="TRUE">Esri</attrdefs><attrdomv><udom Sync="TRUE">Positive real numbers that are automatically generated.</udom></attrdomv></attr></detailed></eainfo><mdDateSt Sync="TRUE">20170621</mdDateSt><mdFileID>BH140</mdFileID><mdParentID>Aguas Interiores </mdParentID><mdChar><CharSetCd value="004"/></mdChar><mdContact xmlns=""><rpOrgName>STEREOCARTO</rpOrgName><rpPosName>Empresa dedicada a la ingenieria cartográfica, ordenación territorial, agronomía, catastro y medio ambiente </rpPosName><role><RoleCd value="001"/></role><rpCntInfo xmlns=""><cntAddress addressType="physical"><delPoint>Paseo de la Habana 200 - 28036</delPoint><city>Madrid </city><eMailAdd>www.stereocarto.com </eMailAdd><country>ES</country></cntAddress><cntPhone><voiceNum tddtty="">+34 - 91 - 343 -1940</voiceNum></cntPhone></rpCntInfo></mdContact><mdMaint xmlns=""><maintFreq><MaintFreqCd value="011"/></maintFreq></mdMaint><dqInfo xmlns=""><dqScope><scpLvl><ScopeCd value="010"/></scpLvl><scpLvlDesc xmlns=""><featSet>El Error Medio Cuadrático (EMC) es menor a 0.30 metros independientemente para cada coordenada X, Y. Mientras que el EMC es menor a 0,45 metros para la coordenada Z. </featSet><datasetSet>La empresa contratada para la emisión de la cartografía base (STEREOCARTO), señala que la restitución planimétrica, refleja todos los trazos o partes de los elementos a una distancia mayor a 1mm. Mientras que la restitución altimétrica, se ha representado por curvas de nivel equidistantes, en este caso a un metro, pero si el terreno tiene un relieve un poco acusado, se aumentó el número de puntos acotados o se  añadidó curvas intermedias, las curvas maestras se han representado cada 5 metros.</datasetSet></scpLvlDesc></dqScope><dataLineage><statement>La cartografía base se generó a partir de fotografías aéreas, realizando un proceso de restitución a escala 1:1000 (empleando el uso de restituidores digitales), capturando así la información planimétrica y altimétrica acorde a la geometría característica de los elementos cartográficos (puntos, líneas, polígonos). </statement></dataLineage></dqInfo></metadata>
