<?xml version="1.0" encoding="UTF-8"?>
<metadata xml:lang="es"><Esri><CreaDate>20161124</CreaDate><CreaTime>12233600</CreaTime><ArcGISFormat>1.0</ArcGISFormat><SyncOnce>TRUE</SyncOnce><DataProperties><lineage><Process ToolSource="c:\program files (x86)\arcgis\desktop10.1\ArcToolbox\Toolboxes\Data Management Tools.tbx\CalculateField" Date="20160304" Time="084824">CalculateField Rutas_Sistema_Integrado Intervalo "60 / [frec_pico]" VB #</Process></lineage><itemProps><itemLocation><linkage Sync="TRUE">file://\\PC80SECRE13\C$\A. Jarrin Silva\GIS\GIS_SGP\GIS_.shps\RUTAS\Sist.Int\BRT_alim\Alimentadores_nov2016\Rutas_Sistema_Integrado</linkage><protocol Sync="TRUE">Local Area Network</protocol></itemLocation></itemProps><copyHistory><copy source="C:\A. Jarrin Silva\GIS\GIS_SGP\GIS_.shps\RUTAS\RUTAS TRANSPORTE - NOV-2016\Rutas_Sistema_Integrado" dest="\\PC80SECRE13\C$\A. Jarrin Silva\GIS\GIS_SGP\GIS_.shps\RUTAS\Sist.Int\BRT_alim\Alimentadores_nov2016\Rutas_Sistema_Integrado" date="20161124" time="12233600"></copy></copyHistory></DataProperties></Esri></metadata>
