<?xml version="1.0" encoding="UTF-8"?>
<metadata xml:lang="es"><Esri><CreaDate>20150805</CreaDate><CreaTime>13352800</CreaTime><ArcGISFormat>1.0</ArcGISFormat><ArcGISstyle>FGDC CSDGM Metadata</ArcGISstyle><SyncOnce>FALSE</SyncOnce><DataProperties><lineage><Process ToolSource="c:\program files (x86)\arcgis\desktop10.1\ArcToolbox\Toolboxes\Data Management Tools.tbx\CalculateField" Date="20150526" Time="153408">CalculateField CONTENEDORES RUTA_1 [RUTA] VB #</Process><Process ToolSource="c:\program files (x86)\arcgis\desktop10.1\ArcToolbox\Toolboxes\Data Management Tools.tbx\CalculateField" Date="20150526" Time="153544">CalculateField CONTENEDORES CAPACIDAD_1 [CAPACIDAD] VB #</Process><Process ToolSource="c:\program files (x86)\arcgis\desktop10.1\ArcToolbox\Toolboxes\Data Management Tools.tbx\CalculateField" Date="20150526" Time="153739">CalculateField CONTENEDORES ID_CONTENEDOR [ID_CONTENE] VB #</Process><Process ToolSource="c:\program files (x86)\arcgis\desktop10.1\ArcToolbox\Toolboxes\Data Management Tools.tbx\CalculateField" Date="20150526" Time="153921">CalculateField CONTENEDORES CAPACIDAD [CAPACIDAD_1] VB #</Process><Process ToolSource="c:\program files (x86)\arcgis\desktop10.1\ArcToolbox\Toolboxes\Data Management Tools.tbx\CalculateField" Date="20150526" Time="154411">CalculateField CONTENEDORES COORD_X [X] VB #</Process><Process ToolSource="c:\program files (x86)\arcgis\desktop10.1\ArcToolbox\Toolboxes\Data Management Tools.tbx\CalculateField" Date="20150526" Time="154418">CalculateField CONTENEDORES COORD_Y [Y] VB #</Process><Process ToolSource="c:\program files (x86)\arcgis\desktop10.1\ArcToolbox\Toolboxes\Data Management Tools.tbx\CalculateField" Date="20150526" Time="154427">CalculateField CONTENEDORES ADM_ZONAL "[ADM__ZONAL] " VB #</Process><Process ToolSource="c:\program files (x86)\arcgis\desktop10.1\ArcToolbox\Toolboxes\Data Management Tools.tbx\CalculateField" Date="20150526" Time="154433">CalculateField CONTENEDORES ADM_ZONAL "[ADM__ZONAL] " VB #</Process><Process ToolSource="c:\program files (x86)\arcgis\desktop10.1\ArcToolbox\Toolboxes\Data Management Tools.tbx\CalculateField" Date="20150526" Time="154447">CalculateField CONTENEDORES RUTA [RUTA_1] VB #</Process><Process ToolSource="c:\program files (x86)\arcgis\desktop10.1\ArcToolbox\Toolboxes\Data Management Tools.tbx\CalculateField" Date="20150526" Time="154646">CalculateField CONTENEDORES ADM_ZONAL "LD" VB #</Process><Process ToolSource="c:\program files (x86)\arcgis\desktop10.1\ArcToolbox\Toolboxes\Data Management Tools.tbx\CalculateField" Date="20150526" Time="154708">CalculateField CONTENEDORES ADM_ZONAL "EA" VB #</Process><Process ToolSource="c:\program files (x86)\arcgis\desktop10.1\ArcToolbox\Toolboxes\Data Management Tools.tbx\CalculateField" Date="20150526" Time="154722">CalculateField CONTENEDORES ADM_ZONAL "EE" VB #</Process><Process ToolSource="c:\program files (x86)\arcgis\desktop10.1\ArcToolbox\Toolboxes\Data Management Tools.tbx\CalculateField" Date="20150526" Time="154735">CalculateField CONTENEDORES ADM_ZONAL "QU" VB #</Process><Process ToolSource="c:\program files (x86)\arcgis\desktop10.1\ArcToolbox\Toolboxes\Data Management Tools.tbx\CalculateField" Date="20150526" Time="155407">CalculateField CONTENEDORES ADM_ZONAL "MS" VB #</Process><Process ToolSource="c:\program files (x86)\arcgis\desktop10.1\ArcToolbox\Toolboxes\Data Management Tools.tbx\CalculateField" Date="20150526" Time="155424">CalculateField CONTENEDORES SERVICIO "CONTENERIZACION SOTERRADA" VB #</Process><Process ToolSource="c:\program files (x86)\arcgis\desktop10.1\ArcToolbox\Toolboxes\Data Management Tools.tbx\CalculateField" Date="20150526" Time="155529">CalculateField CONTENEDORES SERVICIO "CONTENERIZACION" VB #</Process><Process ToolSource="c:\program files (x86)\arcgis\desktop10.1\ArcToolbox\Toolboxes\Data Management Tools.tbx\CalculateField" Date="20150526" Time="155922">CalculateField CONTENEDORES NUM_RUTA "0000000778-PRG" VB #</Process><Process ToolSource="c:\program files (x86)\arcgis\desktop10.1\ArcToolbox\Toolboxes\Data Management Tools.tbx\CalculateField" Date="20150526" Time="160034">CalculateField CONTENEDORES COD_RUTA "CMSND1" VB #</Process><Process ToolSource="c:\program files (x86)\arcgis\desktop10.1\ArcToolbox\Toolboxes\Data Management Tools.tbx\CalculateField" Date="20150526" Time="160045">CalculateField CONTENEDORES RUTA "CENTRO HISTORICO OCCIDENTAL" VB #</Process><Process ToolSource="c:\program files (x86)\arcgis\desktop10.1\ArcToolbox\Toolboxes\Data Management Tools.tbx\CalculateField" Date="20150526" Time="160057">CalculateField CONTENEDORES HORARIO "NOCTURNO" VB #</Process><Process ToolSource="c:\program files (x86)\arcgis\desktop10.1\ArcToolbox\Toolboxes\Data Management Tools.tbx\CalculateField" Date="20150526" Time="160105">CalculateField CONTENEDORES FRECUENCIA "D" VB #</Process><Process ToolSource="c:\program files (x86)\arcgis\desktop10.1\ArcToolbox\Toolboxes\Data Management Tools.tbx\CalculateField" Date="20150526" Time="162049">CalculateField CONTENEDORES NUM_RUTA "0000000779-PRG" VB #</Process><Process ToolSource="c:\program files (x86)\arcgis\desktop10.1\ArcToolbox\Toolboxes\Data Management Tools.tbx\CalculateField" Date="20150526" Time="162100">CalculateField CONTENEDORES COD_RUTA "CMSND2" VB #</Process><Process ToolSource="c:\program files (x86)\arcgis\desktop10.1\ArcToolbox\Toolboxes\Data Management Tools.tbx\CalculateField" Date="20150526" Time="162111">CalculateField CONTENEDORES RUTA "CENTRO HISTORICO ORIENTAL" VB #</Process><Process ToolSource="c:\program files (x86)\arcgis\desktop10.1\ArcToolbox\Toolboxes\Data Management Tools.tbx\CalculateField" Date="20150526" Time="162130">CalculateField CONTENEDORES HORARIO "Nocturno" VB #</Process><Process ToolSource="c:\program files (x86)\arcgis\desktop10.1\ArcToolbox\Toolboxes\Data Management Tools.tbx\CalculateField" Date="20150526" Time="162143">CalculateField CONTENEDORES FRECUENCIA "D" VB #</Process><Process ToolSource="c:\program files (x86)\arcgis\desktop10.1\ArcToolbox\Toolboxes\Data Management Tools.tbx\CalculateField" Date="20150526" Time="162649">CalculateField CONTENEDORES NUM_RUTA "0000000665-PRG" VB #</Process><Process ToolSource="c:\program files (x86)\arcgis\desktop10.1\ArcToolbox\Toolboxes\Data Management Tools.tbx\CalculateField" Date="20150526" Time="162700">CalculateField CONTENEDORES COD_RUTA "CEADB1" VB #</Process><Process ToolSource="c:\program files (x86)\arcgis\desktop10.1\ArcToolbox\Toolboxes\Data Management Tools.tbx\CalculateField" Date="20150526" Time="162714">CalculateField CONTENEDORES RUTA "TURUBAMBA ALTO" VB #</Process><Process ToolSource="c:\program files (x86)\arcgis\desktop10.1\ArcToolbox\Toolboxes\Data Management Tools.tbx\CalculateField" Date="20150526" Time="162725">CalculateField CONTENEDORES HORARIO "Matutino" VB #</Process><Process ToolSource="c:\program files (x86)\arcgis\desktop10.1\ArcToolbox\Toolboxes\Data Management Tools.tbx\CalculateField" Date="20150526" Time="162739">CalculateField CONTENEDORES FRECUENCIA "B" VB #</Process><Process ToolSource="c:\program files (x86)\arcgis\desktop10.1\ArcToolbox\Toolboxes\Conversion Tools.tbx\FeatureClassToFeatureClass" Date="20150526" Time="163817">FeatureClassToFeatureClass E:\Daniela\D_coberturas\CONTENERIZACION\CONTENERIZACIÓN.gdb\CONTENEDORES "E:\Daniela\D_coberturas\ICAM\COBERTURAS EMASEO 2015.gdb\CONTENEDORES" CONTENEDORES # "NUM_RUTA "NUM_RUTA" true true false 15 Text 0 0 ,First,#,E:\Daniela\D_coberturas\CONTENERIZACION\CONTENERIZACIÓN.gdb\CONTENEDORES,NUM_RUTA,-1,-1;COD_RUTA "COD_RUTA" true true false 6 Text 0 0 ,First,#,E:\Daniela\D_coberturas\CONTENERIZACION\CONTENERIZACIÓN.gdb\CONTENEDORES,COD_RUTA,-1,-1;RUTA "RUTA" true true false 100 Text 0 0 ,First,#,E:\Daniela\D_coberturas\CONTENERIZACION\CONTENERIZACIÓN.gdb\CONTENEDORES,RUTA,-1,-1;ID_CONTENEDOR "ID_CONTENEDOR" true true false 4 Long 0 0 ,First,#,E:\Daniela\D_coberturas\CONTENERIZACION\CONTENERIZACIÓN.gdb\CONTENEDORES,ID_CONTENEDOR,-1,-1;CAPACIDAD "CAPACIDAD" true true false 2 Short 0 0 ,First,#,E:\Daniela\D_coberturas\CONTENERIZACION\CONTENERIZACIÓN.gdb\CONTENEDORES,CAPACIDAD,-1,-1;HORARIO "HORARIO" true true false 10 Text 0 0 ,First,#,E:\Daniela\D_coberturas\CONTENERIZACION\CONTENERIZACIÓN.gdb\CONTENEDORES,HORARIO,-1,-1;FRECUENCIA "FRECUENCIA" true true false 3 Text 0 0 ,First,#,E:\Daniela\D_coberturas\CONTENERIZACION\CONTENERIZACIÓN.gdb\CONTENEDORES,FRECUENCIA,-1,-1;COORD_X "COORD_X" true true false 8 Double 0 0 ,First,#,E:\Daniela\D_coberturas\CONTENERIZACION\CONTENERIZACIÓN.gdb\CONTENEDORES,COORD_X,-1,-1;COORD_Y "COORD_Y" true true false 8 Double 0 0 ,First,#,E:\Daniela\D_coberturas\CONTENERIZACION\CONTENERIZACIÓN.gdb\CONTENEDORES,COORD_Y,-1,-1;SERVICIO "SERVICIO" true true false 25 Text 0 0 ,First,#,E:\Daniela\D_coberturas\CONTENERIZACION\CONTENERIZACIÓN.gdb\CONTENEDORES,SERVICIO,-1,-1;ADM_ZONAL "ADM_ZONAL" true true false 50 Text 0 0 ,First,#,E:\Daniela\D_coberturas\CONTENERIZACION\CONTENERIZACIÓN.gdb\CONTENEDORES,ADM_ZONAL,-1,-1;FECHA_LEV "FECHA_LEV" true true false 8 Date 0 0 ,First,#,E:\Daniela\D_coberturas\CONTENERIZACION\CONTENERIZACIÓN.gdb\CONTENEDORES,FECHA_LEV,-1,-1" #</Process></lineage><itemProps><itemName Sync="TRUE">CONTENEDORES</itemName><imsContentType Sync="TRUE">002</imsContentType><itemLocation><linkage Sync="TRUE">file://\\PC10409\E$\Daniela\D_coberturas\ICAM\COBERTURAS EMASEO 2015.gdb</linkage><protocol Sync="TRUE">Local Area Network</protocol></itemLocation></itemProps><coordRef><type Sync="TRUE">Geographic</type><geogcsn Sync="TRUE">GCS_WGS_1984</geogcsn><csUnits Sync="TRUE">Angular Unit: Degree (0.017453)</csUnits><peXml Sync="TRUE">&lt;GeographicCoordinateSystem xsi:type='typens:GeographicCoordinateSystem' xmlns:xsi='http://www.w3.org/2001/XMLSchema-instance' xmlns:xs='http://www.w3.org/2001/XMLSchema' xmlns:typens='http://www.esri.com/schemas/ArcGIS/10.1'&gt;&lt;WKT&gt;GEOGCS[&amp;quot;GCS_WGS_1984&amp;quot;,DATUM[&amp;quot;D_WGS_1984&amp;quot;,SPHEROID[&amp;quot;WGS_1984&amp;quot;,6378137.0,298.257223563]],PRIMEM[&amp;quot;Greenwich&amp;quot;,0.0],UNIT[&amp;quot;Degree&amp;quot;,0.0174532925199433],AUTHORITY[&amp;quot;EPSG&amp;quot;,4326]]&lt;/WKT&gt;&lt;XOrigin&gt;-400&lt;/XOrigin&gt;&lt;YOrigin&gt;-400&lt;/YOrigin&gt;&lt;XYScale&gt;999999999.99999988&lt;/XYScale&gt;&lt;ZOrigin&gt;-100000&lt;/ZOrigin&gt;&lt;ZScale&gt;10000&lt;/ZScale&gt;&lt;MOrigin&gt;-100000&lt;/MOrigin&gt;&lt;MScale&gt;10000&lt;/MScale&gt;&lt;XYTolerance&gt;8.983152841195215e-009&lt;/XYTolerance&gt;&lt;ZTolerance&gt;0.001&lt;/ZTolerance&gt;&lt;MTolerance&gt;0.001&lt;/MTolerance&gt;&lt;HighPrecision&gt;true&lt;/HighPrecision&gt;&lt;LeftLongitude&gt;-180&lt;/LeftLongitude&gt;&lt;WKID&gt;4326&lt;/WKID&gt;&lt;LatestWKID&gt;4326&lt;/LatestWKID&gt;&lt;/GeographicCoordinateSystem&gt;</peXml></coordRef></DataProperties><SyncDate>20150526</SyncDate><SyncTime>16381700</SyncTime><ModDate>20150526</ModDate><ModTime>16381700</ModTime></Esri><dataIdInfo><envirDesc Sync="TRUE"> Version 6.2 (Build 9200) ; Esri ArcGIS 10.1.0.3035</envirDesc><dataLang><languageCode value="spa" Sync="TRUE"></languageCode><countryCode value="ECU" Sync="TRUE"></countryCode></dataLang><idCitation><resTitle Sync="TRUE">CONTENEDORES</resTitle><presForm><PresFormCd value="005" Sync="TRUE"></PresFormCd></presForm></idCitation><spatRpType><SpatRepTypCd value="001" Sync="TRUE"></SpatRepTypCd></spatRpType></dataIdInfo><mdLang><languageCode value="spa" Sync="TRUE"></languageCode><countryCode value="ECU" Sync="TRUE"></countryCode></mdLang><distInfo><distFormat><formatName Sync="TRUE">File Geodatabase Feature Class</formatName></distFormat></distInfo><mdHrLv><ScopeCd value="005" Sync="TRUE"></ScopeCd></mdHrLv><mdHrLvName Sync="TRUE">dataset</mdHrLvName><refSysInfo><RefSystem><refSysID><identCode code="4326" Sync="TRUE"></identCode><idCodeSpace Sync="TRUE">EPSG</idCodeSpace><idVersion Sync="TRUE">7.9.4</idVersion></refSysID></RefSystem></refSysInfo><spatRepInfo><VectSpatRep><geometObjs Name="CONTENEDORES"><geoObjTyp><GeoObjTypCd value="004" Sync="TRUE"></GeoObjTypCd></geoObjTyp><geoObjCnt Sync="TRUE">0</geoObjCnt></geometObjs><topLvl><TopoLevCd value="001" Sync="TRUE"></TopoLevCd></topLvl></VectSpatRep></spatRepInfo><spdoinfo><ptvctinf><esriterm Name="CONTENEDORES"><efeatyp Sync="TRUE">Simple</efeatyp><efeageom code="1" Sync="TRUE"></efeageom><esritopo Sync="TRUE">FALSE</esritopo><efeacnt Sync="TRUE">0</efeacnt><spindex Sync="TRUE">TRUE</spindex><linrefer Sync="TRUE">FALSE</linrefer></esriterm></ptvctinf></spdoinfo><eainfo><detailed Name="CONTENEDORES"><enttyp><enttypl Sync="TRUE">CONTENEDORES</enttypl><enttypt Sync="TRUE">Feature Class</enttypt><enttypc Sync="TRUE">0</enttypc></enttyp><attr><attrlabl Sync="TRUE">OBJECTID</attrlabl><attalias Sync="TRUE">OBJECTID</attalias><attrtype Sync="TRUE">OID</attrtype><attwidth Sync="TRUE">4</attwidth><atprecis Sync="TRUE">0</atprecis><attscale Sync="TRUE">0</attscale><attrdef Sync="TRUE">Internal feature number.</attrdef><attrdefs Sync="TRUE">Esri</attrdefs><attrdomv><udom Sync="TRUE">Sequential unique whole numbers that are automatically generated.</udom></attrdomv></attr><attr><attrlabl Sync="TRUE">Shape</attrlabl><attalias Sync="TRUE">Shape</attalias><attrtype Sync="TRUE">Geometry</attrtype><attwidth Sync="TRUE">0</attwidth><atprecis Sync="TRUE">0</atprecis><attscale Sync="TRUE">0</attscale><attrdef Sync="TRUE">Feature geometry.</attrdef><attrdefs Sync="TRUE">Esri</attrdefs><attrdomv><udom Sync="TRUE">Coordinates defining the features.</udom></attrdomv></attr><attr><attrlabl Sync="TRUE">NUM_RUTA</attrlabl><attalias Sync="TRUE">NUM_RUTA</attalias><attrtype Sync="TRUE">String</attrtype><attwidth Sync="TRUE">15</attwidth><atprecis Sync="TRUE">0</atprecis><attscale Sync="TRUE">0</attscale></attr><attr><attrlabl Sync="TRUE">COD_RUTA</attrlabl><attalias Sync="TRUE">COD_RUTA</attalias><attrtype Sync="TRUE">String</attrtype><attwidth Sync="TRUE">6</attwidth><atprecis Sync="TRUE">0</atprecis><attscale Sync="TRUE">0</attscale></attr><attr><attrlabl Sync="TRUE">RUTA</attrlabl><attalias Sync="TRUE">RUTA</attalias><attrtype Sync="TRUE">String</attrtype><attwidth Sync="TRUE">100</attwidth><atprecis Sync="TRUE">0</atprecis><attscale Sync="TRUE">0</attscale></attr><attr><attrlabl Sync="TRUE">ID_CONTENEDOR</attrlabl><attalias Sync="TRUE">ID_CONTENEDOR</attalias><attrtype Sync="TRUE">Integer</attrtype><attwidth Sync="TRUE">4</attwidth><atprecis Sync="TRUE">0</atprecis><attscale Sync="TRUE">0</attscale></attr><attr><attrlabl Sync="TRUE">CAPACIDAD</attrlabl><attalias Sync="TRUE">CAPACIDAD</attalias><attrtype Sync="TRUE">SmallInteger</attrtype><attwidth Sync="TRUE">2</attwidth><atprecis Sync="TRUE">0</atprecis><attscale Sync="TRUE">0</attscale></attr><attr><attrlabl Sync="TRUE">HORARIO</attrlabl><attalias Sync="TRUE">HORARIO</attalias><attrtype Sync="TRUE">String</attrtype><attwidth Sync="TRUE">10</attwidth><atprecis Sync="TRUE">0</atprecis><attscale Sync="TRUE">0</attscale></attr><attr><attrlabl Sync="TRUE">FRECUENCIA</attrlabl><attalias Sync="TRUE">FRECUENCIA</attalias><attrtype Sync="TRUE">String</attrtype><attwidth Sync="TRUE">3</attwidth><atprecis Sync="TRUE">0</atprecis><attscale Sync="TRUE">0</attscale></attr><attr><attrlabl Sync="TRUE">COORD_X</attrlabl><attalias Sync="TRUE">COORD_X</attalias><attrtype Sync="TRUE">Double</attrtype><attwidth Sync="TRUE">8</attwidth><atprecis Sync="TRUE">0</atprecis><attscale Sync="TRUE">0</attscale></attr><attr><attrlabl Sync="TRUE">COORD_Y</attrlabl><attalias Sync="TRUE">COORD_Y</attalias><attrtype Sync="TRUE">Double</attrtype><attwidth Sync="TRUE">8</attwidth><atprecis Sync="TRUE">0</atprecis><attscale Sync="TRUE">0</attscale></attr><attr><attrlabl Sync="TRUE">SERVICIO</attrlabl><attalias Sync="TRUE">SERVICIO</attalias><attrtype Sync="TRUE">String</attrtype><attwidth Sync="TRUE">25</attwidth><atprecis Sync="TRUE">0</atprecis><attscale Sync="TRUE">0</attscale></attr><attr><attrlabl Sync="TRUE">ADM_ZONAL</attrlabl><attalias Sync="TRUE">ADM_ZONAL</attalias><attrtype Sync="TRUE">String</attrtype><attwidth Sync="TRUE">50</attwidth><atprecis Sync="TRUE">0</atprecis><attscale Sync="TRUE">0</attscale></attr><attr><attrlabl Sync="TRUE">FECHA_LEV</attrlabl><attalias Sync="TRUE">FECHA_LEV</attalias><attrtype Sync="TRUE">Date</attrtype><attwidth Sync="TRUE">8</attwidth><atprecis Sync="TRUE">0</atprecis><attscale Sync="TRUE">0</attscale></attr></detailed></eainfo><mdDateSt Sync="TRUE">20150526</mdDateSt></metadata>
