<?xml version="1.0"?>
<!--<!DOCTYPE metadata SYSTEM "http://www.esri.com/metadata/esriprof80.dtd">-->
<metadata xml:lang="es"><Esri><CreaDate>20140220</CreaDate><CreaTime>09374500</CreaTime><SyncOnce>TRUE</SyncOnce><DataProperties><lineage><Process ToolSource="C:\Program Files\ArcGIS\ArcToolbox\Toolboxes\Data Management Tools.tbx\DefineProjection" Date="20120607" Time="174740">DefineProjection "D:\SIGQ INFO\SHP\Politico_Administrativo.shp" PROJCS['WGS84TMQ',GEOGCS['GCS_WGS_1984',DATUM['D_WGS_1984',SPHEROID['WGS_1984',6378137.0,298.257223563]],PRIMEM['Greenwich',0.0],UNIT['Degree',0.0174532925199433]],PROJECTION['Transverse_Mercator_Complex'],PARAMETER['False_Easting',500000.0],PARAMETER['False_Northing',10000000.0],PARAMETER['Central_Meridian',-78.5],PARAMETER['Scale_Factor',1.0004584],PARAMETER['Latitude_Of_Origin',0.0],UNIT['Meter',1.0]] "D:\SIGQ INFO\SHP\Politico_Administrativo.shp"</Process><Process ToolSource="c:\archivos de programa\arcgis\desktop10.1\ArcToolbox\Toolboxes\Data Management Tools.tbx\CalculateField" Date="20130827" Time="105106">CalculateField Politico_Administrativo id [FID] VB #</Process><Process ToolSource="c:\program files\arcgis\desktop10.1\ArcToolbox\Toolboxes\Data Management Tools.tbx\CalculateField" Date="20140103" Time="102618">CalculateField Politico_Administrativo Admin_Zona [zona_admin] VB #</Process><Process ToolSource="c:\program files\arcgis\desktop10.1\ArcToolbox\Toolboxes\Data Management Tools.tbx\CalculateField" Date="20140103" Time="102701">CalculateField Politico_Administrativo Admin_Zona "NORTE" VB #</Process><Process ToolSource="c:\program files\arcgis\desktop10.1\ArcToolbox\Toolboxes\Data Management Tools.tbx\CalculateField" Date="20140220" Time="095131">CalculateField parroquias Admin_Zona "MANUELA SAENZ" VB #</Process><Process ToolSource="c:\program files\arcgis\desktop10.1\ArcToolbox\Toolboxes\Data Management Tools.tbx\CalculateField" Date="20140220" Time="095157">CalculateField parroquias Admin_Zona "LOS CHILLOS" VB #</Process><Process ToolSource="c:\program files\arcgis\desktop10.1\ArcToolbox\Toolboxes\Data Management Tools.tbx\CalculateField" Date="20140220" Time="095225">CalculateField parroquias Admin_Zona "EUGENIO ESPEJO" VB #</Process><Process ToolSource="c:\program files\arcgis\desktop10.1\ArcToolbox\Toolboxes\Data Management Tools.tbx\CalculateField" Date="20140220" Time="095820">CalculateField parroquias Admi_Zonal [Admin_Zona] VB #</Process><Process ToolSource="c:\program files\arcgis\desktop10.1\ArcToolbox\Toolboxes\Data Management Tools.tbx\CalculateField" Date="20140220" Time="101030">CalculateField parroquias PARROQUIA [nombre_par] VB #</Process><Process ToolSource="c:\program files\arcgis\desktop10.1\ArcToolbox\Toolboxes\Data Management Tools.tbx\RepairGeometry" Date="20140312" Time="151955">RepairGeometry parroquias DELETE_NULL</Process></lineage></DataProperties><ArcGISFormat>1.0</ArcGISFormat></Esri></metadata>
