<?xml version="1.0" encoding="UTF-8"?>
<metadata xml:lang="es"><Esri><CreaDate>20170302</CreaDate><CreaTime>13144000</CreaTime><ArcGISFormat>1.0</ArcGISFormat><SyncOnce>TRUE</SyncOnce><DataProperties><lineage><Process ToolSource="c:\program files (x86)\arcgis\desktop10.1\ArcToolbox\Toolboxes\Data Management Tools.tbx\CalculateField" Date="20170302" Time="103931">CalculateField Sistema_Integral_Adulto_Mayor FolderPath "60 y piquito" VB #</Process><Process ToolSource="c:\program files (x86)\arcgis\desktop10.1\ArcToolbox\Toolboxes\Data Management Tools.tbx\CalculateField" Date="20170302" Time="103940">CalculateField Sistema_Integral_Adulto_Mayor FolderPath "60 y piquito" VB #</Process><Process ToolSource="c:\program files (x86)\arcgis\desktop10.1\ArcToolbox\Toolboxes\Data Management Tools.tbx\CalculateField" Date="20170302" Time="104010">CalculateField Sistema_Integral_Adulto_Mayor FolderPath "60 y piquito" VB #</Process><Process ToolSource="c:\program files (x86)\arcgis\desktop10.1\ArcToolbox\Toolboxes\Data Management Tools.tbx\CalculateField" Date="20170302" Time="131241">CalculateField Sistema_Integral_Adulto_Mayor nombre [Name] VB #</Process><Process ToolSource="c:\program files (x86)\arcgis\desktop10.1\ArcToolbox\Toolboxes\Data Management Tools.tbx\CalculateField" Date="20170302" Time="131251">CalculateField Sistema_Integral_Adulto_Mayor tipo_proye [FolderPath] VB #</Process><Process ToolSource="c:\program files (x86)\arcgis\desktop10.1\ArcToolbox\Toolboxes\Data Management Tools.tbx\CalculateField" Date="20170302" Time="131300">CalculateField Sistema_Integral_Adulto_Mayor descripci [PopupInfo] VB #</Process><Process ToolSource="c:\program files (x86)\arcgis\desktop10.1\ArcToolbox\Toolboxes\Data Management Tools.tbx\Project" Date="20170302" Time="131357">Project Sistema_Integral_Adulto_Mayor C:\Users\ajarrin\Documents\ArcGIS\Default.gdb\Sistema_Integral_Adulto_Mayo PROJCS['WGS84TMQ',GEOGCS['GCS_WGS_1984',DATUM['D_WGS_1984',SPHEROID['WGS_1984',6378137.0,298.257223563]],PRIMEM['Greenwich',0.0],UNIT['Degree',0.0174532925199433]],PROJECTION['Transverse_Mercator_Complex'],PARAMETER['False_Easting',500000.0],PARAMETER['False_Northing',10000000.0],PARAMETER['Central_Meridian',-78.5],PARAMETER['Scale_Factor',1.0004584],PARAMETER['Latitude_Of_Origin',0.0],UNIT['Meter',1.0]] # GEOGCS['GCS_WGS_1984',DATUM['D_WGS_1984',SPHEROID['WGS_1984',6378137.0,298.257223563]],PRIMEM['Greenwich',0.0],UNIT['Degree',0.0174532925199433]]</Process></lineage><itemProps><itemLocation><linkage Sync="TRUE">file://\\PC80SECRE13\Users\ajarrin\Documents\ArcGIS\Default.gdb</linkage><protocol Sync="TRUE">Local Area Network</protocol></itemLocation></itemProps><copyHistory><copy source="C:\A. Jarrin Silva\GIS\INFRAESTRUCTURA\UPSJ\Sistema_Integral_Adulto_Mayor" dest="\\PC80SECRE13\C$\A. Jarrin Silva\GIS\INFRAESTRUCTURA\UPSJ\Geoportal\Sistema_Integral_Adulto_Mayor" date="20170302" time="11250800"></copy></copyHistory></DataProperties></Esri></metadata>
