<?xml version="1.0" encoding="UTF-8"?>
<metadata xml:lang="es"><Esri><CreaDate>20161128</CreaDate><CreaTime>13542600</CreaTime><SyncOnce>FALSE</SyncOnce><DataProperties><lineage><Process ToolSource="C:\Program Files (x86)\ArcGIS\ArcToolbox\Toolboxes\Data Management Tools.tbx\DefineProjection" Date="20111214" Time="162845">DefineProjection "rutas convencionales" GEOGCS['GCS_WGS_1984',DATUM['D_WGS_1984',SPHEROID['WGS_1984',6378137.0,298.257223563]],PRIMEM['Greenwich',0.0],UNIT['Degree',0.0174532925199433]] "rutas convencionales"</Process><Process ToolSource="C:\Program Files (x86)\ArcGIS\ArcToolbox\Toolboxes\Data Management Tools.tbx\DefineProjection" Date="20111214" Time="163319">DefineProjection "rutas convencionales" GEOGCS['GCS_WGS_1984',DATUM['D_WGS_1984',SPHEROID['WGS_1984',6378137.0,298.257223563]],PRIMEM['Greenwich',0.0],UNIT['Degree',0.0174532925199433]] "rutas convencionales"</Process><Process ToolSource="C:\Program Files (x86)\ArcGIS\ArcToolbox\Toolboxes\Data Management Tools.tbx\Project" Date="20111214" Time="163404">Project "rutas convencionales" C:\Users\oswaldo.aguilar\Documents\LUCY\rutas_convencionales\rutasconvencionales_Project.shp GEOGCS['GCS_WGS_1984',DATUM['D_WGS_1984',SPHEROID['WGS_1984',6378137.0,298.257223563]],PRIMEM['Greenwich',0.0],UNIT['Degree',0.0174532925199433]] # GEOGCS['GCS_WGS_1984',DATUM['D_WGS_1984',SPHEROID['WGS_1984',6378137.0,298.257223563]],PRIMEM['Greenwich',0.0],UNIT['Degree',0.0174532925199433]]</Process><Process ToolSource="C:\Program Files (x86)\ArcGIS\ArcToolbox\Toolboxes\Data Management Tools.tbx\DefineProjection" Date="20120410" Time="082356">DefineProjection rutasconvencionales_Project PROJCS['quitow84',GEOGCS['GCS_WGS_1984',DATUM['D_WGS_1984',SPHEROID['WGS_1984',6378137.0,298.257223563]],PRIMEM['Greenwich',0.0],UNIT['Degree',0.0174532925199433]],PROJECTION['Transverse_Mercator_Complex'],PARAMETER['False_Easting',500000.0],PARAMETER['False_Northing',10000000.0],PARAMETER['Central_Meridian',-78.5],PARAMETER['Scale_Factor',1.0004584],PARAMETER['Latitude_Of_Origin',0.0],UNIT['Meter',1.0]] rutasconvencionales_Project</Process><Process ToolSource="C:\Program Files (x86)\ArcGIS\ArcToolbox\Toolboxes\Data Management Tools.tbx\Merge" Date="20120824" Time="160920">Merge Rocio_de_Guamani-U_Central-Metrotrans;Trinidad-U_Central-Metrotrans;Cotocollao-San_Vicente-_Rancho_Alto;'Ruta SanCarlos - Ejído';'Ruta Condado - Ejído';D:\utp\rutas_convencionales\rutasconvencionales_Project1.shp "D:\utp\TRANSPORTE PÚBLICO\Rutas UTP.shp" "gid 'gid' true true false 10 Double 0 10 ,First,#,Rocio_de_Guamani-U_Central-Metrotrans,gid,-1,-1,Trinidad-U_Central-Metrotrans,gid,-1,-1,Cotocollao-San_Vicente-_Rancho_Alto,gid,-1,-1,D:\utp\rutas_convencionales\rutasconvencionales_Project1.shp,gid,-1,-1;ruta 'ruta' true true false 10 Double 0 10 ,First,#,Rocio_de_Guamani-U_Central-Metrotrans,ruta,-1,-1,Trinidad-U_Central-Metrotrans,ruta,-1,-1,Cotocollao-San_Vicente-_Rancho_Alto,ruta,-1,-1,Ruta Condado - Ejído,RUTA,-1,-1,D:\utp\rutas_convencionales\rutasconvencionales_Project1.shp,ruta,-1,-1;fid_ 'fid_' true true false 10 Double 0 10 ,First,#,Rocio_de_Guamani-U_Central-Metrotrans,fid_,-1,-1,Trinidad-U_Central-Metrotrans,fid_,-1,-1,Cotocollao-San_Vicente-_Rancho_Alto,fid_,-1,-1,Ruta Condado - Ejído,FID_,-1,-1,D:\utp\rutas_convencionales\rutasconvencionales_Project1.shp,fid_,-1,-1;sentido 'sentido' true true false 254 Text 0 0 ,First,#,Rocio_de_Guamani-U_Central-Metrotrans,sentido,-1,-1,Trinidad-U_Central-Metrotrans,sentido,-1,-1,Cotocollao-San_Vicente-_Rancho_Alto,sentido,-1,-1,Ruta Condado - Ejído,SENTIDO,-1,-1,D:\utp\rutas_convencionales\rutasconvencionales_Project1.shp,sentido,-1,-1;cod_ruta 'cod_ruta' true true false 254 Text 0 0 ,First,#,Rocio_de_Guamani-U_Central-Metrotrans,cod_ruta,-1,-1,Trinidad-U_Central-Metrotrans,cod_ruta,-1,-1,Cotocollao-San_Vicente-_Rancho_Alto,cod_ruta,-1,-1,Ruta Condado - Ejído,COD_RUTA,-1,-1,D:\utp\rutas_convencionales\rutasconvencionales_Project1.shp,cod_ruta,-1,-1;sentido1 'sentido1' true true false 19 Double 15 18 ,First,#,Rocio_de_Guamani-U_Central-Metrotrans,sentido1,-1,-1,Trinidad-U_Central-Metrotrans,sentido1,-1,-1,Cotocollao-San_Vicente-_Rancho_Alto,sentido1,-1,-1,Ruta Condado - Ejído,SENTIDO1,-1,-1,D:\utp\rutas_convencionales\rutasconvencionales_Project1.shp,sentido1,-1,-1;sentido2 'sentido2' true true false 19 Double 15 18 ,First,#,Rocio_de_Guamani-U_Central-Metrotrans,sentido2,-1,-1,Trinidad-U_Central-Metrotrans,sentido2,-1,-1,Cotocollao-San_Vicente-_Rancho_Alto,sentido2,-1,-1,Ruta Condado - Ejído,SENTIDO2,-1,-1,D:\utp\rutas_convencionales\rutasconvencionales_Project1.shp,sentido2,-1,-1;codope 'codope' true true false 10 Double 0 10 ,First,#,Rocio_de_Guamani-U_Central-Metrotrans,codope,-1,-1,Trinidad-U_Central-Metrotrans,codope,-1,-1,Cotocollao-San_Vicente-_Rancho_Alto,codope,-1,-1,Ruta Condado - Ejído,CODOPE,-1,-1,D:\utp\rutas_convencionales\rutasconvencionales_Project1.shp,codope,-1,-1;nomope 'nomope' true true false 254 Text 0 0 ,First,#,Rocio_de_Guamani-U_Central-Metrotrans,nomope,-1,-1,Trinidad-U_Central-Metrotrans,nomope,-1,-1,Cotocollao-San_Vicente-_Rancho_Alto,nomope,-1,-1,Ruta Condado - Ejído,NOMOPE,-1,-1,D:\utp\rutas_convencionales\rutasconvencionales_Project1.shp,nomope,-1,-1;cate 'cate' true true false 254 Text 0 0 ,First,#,Rocio_de_Guamani-U_Central-Metrotrans,cate,-1,-1,Trinidad-U_Central-Metrotrans,cate,-1,-1,Cotocollao-San_Vicente-_Rancho_Alto,cate,-1,-1,Ruta Condado - Ejído,CATE,-1,-1,D:\utp\rutas_convencionales\rutasconvencionales_Project1.shp,cate,-1,-1;floasi 'floasi' true true false 10 Double 0 10 ,First,#,Rocio_de_Guamani-U_Central-Metrotrans,floasi,-1,-1,Trinidad-U_Central-Metrotrans,floasi,-1,-1,Cotocollao-San_Vicente-_Rancho_Alto,floasi,-1,-1,Ruta Condado - Ejído,FLOASI,-1,-1,D:\utp\rutas_convencionales\rutasconvencionales_Project1.shp,floasi,-1,-1;tipo 'tipo' true true false 254 Text 0 0 ,First,#,Rocio_de_Guamani-U_Central-Metrotrans,tipo,-1,-1,Trinidad-U_Central-Metrotrans,tipo,-1,-1,Cotocollao-San_Vicente-_Rancho_Alto,tipo,-1,-1,Ruta Condado - Ejído,TIPO,-1,-1,D:\utp\rutas_convencionales\rutasconvencionales_Project1.shp,tipo,-1,-1;orientacio 'orientacio' true true false 254 Text 0 0 ,First,#,Rocio_de_Guamani-U_Central-Metrotrans,orientacio,-1,-1,Trinidad-U_Central-Metrotrans,orientacio,-1,-1,Cotocollao-San_Vicente-_Rancho_Alto,orientacio,-1,-1,Ruta Condado - Ejído,ORIENTACIO,-1,-1,D:\utp\rutas_convencionales\rutasconvencionales_Project1.shp,orientacio,-1,-1;horiniopea 'horiniopea' true true false 254 Text 0 0 ,First,#,Rocio_de_Guamani-U_Central-Metrotrans,horiniopea,-1,-1,Trinidad-U_Central-Metrotrans,horiniopea,-1,-1,Cotocollao-San_Vicente-_Rancho_Alto,horiniopea,-1,-1,Ruta Condado - Ejído,HORINIOPEA,-1,-1,D:\utp\rutas_convencionales\rutasconvencionales_Project1.shp,horiniopea,-1,-1;horfinopep 'horfinopep' true true false 254 Text 0 0 ,First,#,Rocio_de_Guamani-U_Central-Metrotrans,horfinopep,-1,-1,Trinidad-U_Central-Metrotrans,horfinopep,-1,-1,Cotocollao-San_Vicente-_Rancho_Alto,horfinopep,-1,-1,Ruta Condado - Ejído,HORFINOPEP,-1,-1,D:\utp\rutas_convencionales\rutasconvencionales_Project1.shp,horfinopep,-1,-1;frehorpunp 'frehorpunp' true true false 10 Double 0 10 ,First,#,Rocio_de_Guamani-U_Central-Metrotrans,frehorpunp,-1,-1,Trinidad-U_Central-Metrotrans,frehorpunp,-1,-1,Cotocollao-San_Vicente-_Rancho_Alto,frehorpunp,-1,-1,Ruta Condado - Ejído,FREHORPUNP,-1,-1,D:\utp\rutas_convencionales\rutasconvencionales_Project1.shp,frehorpunp,-1,-1;frehorvalp 'frehorvalp' true true false 10 Double 0 10 ,First,#,Rocio_de_Guamani-U_Central-Metrotrans,frehorvalp,-1,-1,Trinidad-U_Central-Metrotrans,frehorvalp,-1,-1,Cotocollao-San_Vicente-_Rancho_Alto,frehorvalp,-1,-1,Ruta Condado - Ejído,FREHORVALP,-1,-1,D:\utp\rutas_convencionales\rutasconvencionales_Project1.shp,frehorvalp,-1,-1;disrecvue 'disrecvue' true true false 10 Double 0 10 ,First,#,Rocio_de_Guamani-U_Central-Metrotrans,disrecvue,-1,-1,Trinidad-U_Central-Metrotrans,disrecvue,-1,-1,Cotocollao-San_Vicente-_Rancho_Alto,disrecvue,-1,-1,Ruta Condado - Ejído,DISRECVUE,-1,-1,D:\utp\rutas_convencionales\rutasconvencionales_Project1.shp,disrecvue,-1,-1;horinipunt 'horinipunt' true true false 254 Text 0 0 ,First,#,Rocio_de_Guamani-U_Central-Metrotrans,horinipunt,-1,-1,Trinidad-U_Central-Metrotrans,horinipunt,-1,-1,Cotocollao-San_Vicente-_Rancho_Alto,horinipunt,-1,-1,Ruta Condado - Ejído,HORINIPUNT,-1,-1,D:\utp\rutas_convencionales\rutasconvencionales_Project1.shp,horinipunt,-1,-1;horinivall 'horinivall' true true false 254 Text 0 0 ,First,#,Rocio_de_Guamani-U_Central-Metrotrans,horinivall,-1,-1,Trinidad-U_Central-Metrotrans,horinivall,-1,-1,Cotocollao-San_Vicente-_Rancho_Alto,horinivall,-1,-1,Ruta Condado - Ejído,HORINIVALL,-1,-1,D:\utp\rutas_convencionales\rutasconvencionales_Project1.shp,horinivall,-1,-1;horinipu_1 'horinipu_1' true true false 254 Text 0 0 ,First,#,Rocio_de_Guamani-U_Central-Metrotrans,horinipu_1,-1,-1,Trinidad-U_Central-Metrotrans,horinipu_1,-1,-1,Cotocollao-San_Vicente-_Rancho_Alto,horinipu_1,-1,-1,Ruta Condado - Ejído,HORINIPU_1,-1,-1,D:\utp\rutas_convencionales\rutasconvencionales_Project1.shp,horinipu_1,-1,-1;horfinpunt 'horfinpunt' true true false 254 Text 0 0 ,First,#,Rocio_de_Guamani-U_Central-Metrotrans,horfinpunt,-1,-1,Trinidad-U_Central-Metrotrans,horfinpunt,-1,-1,Cotocollao-San_Vicente-_Rancho_Alto,horfinpunt,-1,-1,Ruta Condado - Ejído,HORFINPUNT,-1,-1,D:\utp\rutas_convencionales\rutasconvencionales_Project1.shp,horfinpunt,-1,-1;horfinvall 'horfinvall' true true false 254 Text 0 0 ,First,#,Rocio_de_Guamani-U_Central-Metrotrans,horfinvall,-1,-1,Trinidad-U_Central-Metrotrans,horfinvall,-1,-1,Cotocollao-San_Vicente-_Rancho_Alto,horfinvall,-1,-1,Ruta Condado - Ejído,HORFINVALL,-1,-1,D:\utp\rutas_convencionales\rutasconvencionales_Project1.shp,horfinvall,-1,-1;horfinpu_1 'horfinpu_1' true true false 254 Text 0 0 ,First,#,Rocio_de_Guamani-U_Central-Metrotrans,horfinpu_1,-1,-1,Trinidad-U_Central-Metrotrans,horfinpu_1,-1,-1,Cotocollao-San_Vicente-_Rancho_Alto,horfinpu_1,-1,-1,Ruta Condado - Ejído,HORFINPU_1,-1,-1,D:\utp\rutas_convencionales\rutasconvencionales_Project1.shp,horfinpu_1,-1,-1;horiniopes 'horiniopes' true true false 254 Text 0 0 ,First,#,Rocio_de_Guamani-U_Central-Metrotrans,horiniopes,-1,-1,Trinidad-U_Central-Metrotrans,horiniopes,-1,-1,Cotocollao-San_Vicente-_Rancho_Alto,horiniopes,-1,-1,Ruta Condado - Ejído,HORINIOPES,-1,-1,D:\utp\rutas_convencionales\rutasconvencionales_Project1.shp,horiniopes,-1,-1;inthorpuns 'inthorpuns' true true false 254 Text 0 0 ,First,#,Rocio_de_Guamani-U_Central-Metrotrans,inthorpuns,-1,-1,Trinidad-U_Central-Metrotrans,inthorpuns,-1,-1,Cotocollao-San_Vicente-_Rancho_Alto,inthorpuns,-1,-1,Ruta Condado - Ejído,INTHORPUNS,-1,-1,D:\utp\rutas_convencionales\rutasconvencionales_Project1.shp,inthorpuns,-1,-1;inthorvals 'inthorvals' true true false 254 Text 0 0 ,First,#,Rocio_de_Guamani-U_Central-Metrotrans,inthorvals,-1,-1,Trinidad-U_Central-Metrotrans,inthorvals,-1,-1,Cotocollao-San_Vicente-_Rancho_Alto,inthorvals,-1,-1,Ruta Condado - Ejído,INTHORVALS,-1,-1,D:\utp\rutas_convencionales\rutasconvencionales_Project1.shp,inthorvals,-1,-1;horfinopes 'horfinopes' true true false 254 Text 0 0 ,First,#,Rocio_de_Guamani-U_Central-Metrotrans,horfinopes,-1,-1,Trinidad-U_Central-Metrotrans,horfinopes,-1,-1,Cotocollao-San_Vicente-_Rancho_Alto,horfinopes,-1,-1,Ruta Condado - Ejído,HORFINOPES,-1,-1,D:\utp\rutas_convencionales\rutasconvencionales_Project1.shp,horfinopes,-1,-1;frehorpuns 'frehorpuns' true true false 10 Double 0 10 ,First,#,Rocio_de_Guamani-U_Central-Metrotrans,frehorpuns,-1,-1,Trinidad-U_Central-Metrotrans,frehorpuns,-1,-1,Cotocollao-San_Vicente-_Rancho_Alto,frehorpuns,-1,-1,Ruta Condado - Ejído,FREHORPUNS,-1,-1,D:\utp\rutas_convencionales\rutasconvencionales_Project1.shp,frehorpuns,-1,-1;frehorvals 'frehorvals' true true false 10 Double 0 10 ,First,#,Rocio_de_Guamani-U_Central-Metrotrans,frehorvals,-1,-1,Trinidad-U_Central-Metrotrans,frehorvals,-1,-1,Cotocollao-San_Vicente-_Rancho_Alto,frehorvals,-1,-1,Ruta Condado - Ejído,FREHORVALS,-1,-1,D:\utp\rutas_convencionales\rutasconvencionales_Project1.shp,frehorvals,-1,-1;disrecvues 'disrecvues' true true false 10 Double 0 10 ,First,#,Rocio_de_Guamani-U_Central-Metrotrans,disrecvues,-1,-1,Trinidad-U_Central-Metrotrans,disrecvues,-1,-1,Cotocollao-San_Vicente-_Rancho_Alto,disrecvues,-1,-1,Ruta Condado - Ejído,DISRECVUES,-1,-1,D:\utp\rutas_convencionales\rutasconvencionales_Project1.shp,disrecvues,-1,-1;horinipuns 'horinipuns' true true false 254 Text 0 0 ,First,#,Rocio_de_Guamani-U_Central-Metrotrans,horinipuns,-1,-1,Trinidad-U_Central-Metrotrans,horinipuns,-1,-1,Cotocollao-San_Vicente-_Rancho_Alto,horinipuns,-1,-1,Ruta Condado - Ejído,HORINIPUNS,-1,-1,D:\utp\rutas_convencionales\rutasconvencionales_Project1.shp,horinipuns,-1,-1;horfinpuns 'horfinpuns' true true false 254 Text 0 0 ,First,#,Rocio_de_Guamani-U_Central-Metrotrans,horfinpuns,-1,-1,Trinidad-U_Central-Metrotrans,horfinpuns,-1,-1,Cotocollao-San_Vicente-_Rancho_Alto,horfinpuns,-1,-1,Ruta Condado - Ejído,HORFINPUNS,-1,-1,D:\utp\rutas_convencionales\rutasconvencionales_Project1.shp,horfinpuns,-1,-1;horinivals 'horinivals' true true false 254 Text 0 0 ,First,#,Rocio_de_Guamani-U_Central-Metrotrans,horinivals,-1,-1,Trinidad-U_Central-Metrotrans,horinivals,-1,-1,Cotocollao-San_Vicente-_Rancho_Alto,horinivals,-1,-1,Ruta Condado - Ejído,HORINIVALS,-1,-1,D:\utp\rutas_convencionales\rutasconvencionales_Project1.shp,horinivals,-1,-1;horfinvals 'horfinvals' true true false 254 Text 0 0 ,First,#,Rocio_de_Guamani-U_Central-Metrotrans,horfinvals,-1,-1,Trinidad-U_Central-Metrotrans,horfinvals,-1,-1,Cotocollao-San_Vicente-_Rancho_Alto,horfinvals,-1,-1,Ruta Condado - Ejído,HORFINVALS,-1,-1,D:\utp\rutas_convencionales\rutasconvencionales_Project1.shp,horfinvals,-1,-1;origen_des 'origen_des' true true false 254 Text 0 0 ,First,#,Rocio_de_Guamani-U_Central-Metrotrans,origen_des,-1,-1,Trinidad-U_Central-Metrotrans,origen_des,-1,-1,Cotocollao-San_Vicente-_Rancho_Alto,origen_des,-1,-1,D:\utp\rutas_convencionales\rutasconvencionales_Project1.shp,origen_des,-1,-1;Id 'Id' true true false 6 Long 0 6 ,First,#,Ruta SanCarlos - Ejído,Id,-1,-1;ORIDEST 'ORIDEST' true true false 27 Text 0 0 ,First,#,Ruta Condado - Ejído,ORIDEST,-1,-1;CODIGO_GEN 'CODIGO_GEN' true true false 10 Text 0 0 ,First,#,Ruta Condado - Ejído,CODIGO_GEN,-1,-1;FID1 'FID1' true true false 9 Long 0 9 ,First,#,Ruta Condado - Ejído,FID1,-1,-1;RUT 'RUT' true true false 10 Text 0 0 ,First,#,Ruta Condado - Ejído,RUT,-1,-1;CLAS 'CLAS' true true false 20 Text 0 0 ,First,#,Ruta Condado - Ejído,CLAS,-1,-1;DIST 'DIST' true true false 19 Double 6 18 ,First,#,Ruta Condado - Ejído,DIST,-1,-1;RUT_ORI 'RUT_ORI' true true false 20 Text 0 0 ,First,#,Ruta Condado - Ejído,RUT_ORI,-1,-1;pro 'pro' true true false 19 Double 0 0 ,First,#,Ruta Condado - Ejído,pro,-1,-1;ruta_trans 'ruta_trans' true true false 4 Short 0 4 ,First,#,Ruta Condado - Ejído,ruta_trans,-1,-1;RUTAS_TRAN 'RUTAS_TRAN' true true false 9 Long 0 9 ,First,#,D:\utp\rutas_convencionales\rutasconvencionales_Project1.shp,RUTAS_TRAN,-1,-1;Dirección 'Dirección' true true false 50 Text 0 0 ,First,#,D:\utp\rutas_convencionales\rutasconvencionales_Project1.shp,Dirección,-1,-1;Administra 'Administra' true true false 50 Text 0 0 ,First,#,D:\utp\rutas_convencionales\rutasconvencionales_Project1.shp,Administra,-1,-1"</Process><Process ToolSource="C:\Program Files (x86)\ArcGIS\ArcToolbox\Toolboxes\Data Management Tools.tbx\Merge" Date="20131217" Time="165841">Merge Ruta_152_-_Marín_-_Ferroviaria;'Rutas Operadora Vencedores de Pichincha';'Rutas Operadora Atahualpa';'Rutas Operadora Calderón';'Rutas Operadora San Juan de Calderón';'Rutas Operadora Setramas';'Rutas Operadora Metrotrans';'Rutas Operadoran Juan Pablo II';'Rutas Operadora Disutran S.A';'Ruta Operadora Colectrans';'Ruta Operadora Transheorica';'Rutas Operadora San Francisco de Chillogallo';'Rutas Operadora Transplaneta';'Ruta Operadora Serviagosto';'Rutas Operadora San Carlos';'Rutas Operadora Quitumbe';'Rutas Operadora 7 de Mayo';'Rutas Operadora Bellavista';'Rutas Operadora Pichincha';'Rutas Operadora Transporsel';Ruta_154_-_Planada_-_Marín;'Rutas Operadora Secuatrans';'Rutas Operadora Semgyllfor';'Rutas Operadora Latitranstursa S.A';'Rutas Operadora Translatinos';'Rutas Operadora 21 de Julio';'Rutas Operadora Lujoturissa';'Rutas Operadora Transmetrópoli';'Ruta Operadora Condor Mirador';'Rutas Operadora Transalfa';'Rutas Operadora San Cristóbal';Ruta_066_-_San_Vicente_-_Ejido;Ruta_207_-_Pululahua_-_Miraflores;Ruta_Q30_-_Bicentenario_-_Pampa_-_Ofelia;Ruta_Q31_-_San_Antonio_-_Ofelia;Ruta_Q32_-_Calacali_-_Ofelia;Rutas_207B_-_Pululahua_-_Panecillo;Ruta_Q29_-_Atucucho_-_Comité_del_Pueblo;Ruta_Q38_-_Santa_María_-_Parada_Florida;Ruta_Q39_-_Atucucho_-_Ofelia;Ruta_Q40_-_Seminario_Mayor_-_El_Placer;'Ruta 031 - Carcelén Bajo - Marín';'Ruta 063 - Oelia - Cotocollao';Ruta_061_-_Carcelén_-_Brasilia_-_Ejido;Ruta_062_-_La_Josefina_-_Ejido;Ruta_064_-_Cochapamba_Sur_-_Cochapamba_Norte_-_Don_Bosco;Ruta_113_-_Carcelén_-_Marín;Ruta_130_-_La_Pulida_-_Ejido;Ruta_Q37_-_Carcelén_Bajo_-_Ofelia;Rutas_Q36_-_Terminal_Terrestre_Carcelén_-_Ofelia;'Ruta 074 - 23 de Junio - Ejído';Ruta_106_-_Condado_-_Marín;Rutas_Q33_-_Colinas_del_Norte_-_Ofelia;Rutas_Q34_-_Pisuli_-_Roldos_-_Ofelia;Rutas_Q35_-_Planada_-_Ofelia;'Ruta 009 - Pueblo Blanco - Ciudadela Alegria - Ejido';'Ruta 093 - Bueno Aires - Trebol';'Ruta 096 - Eden - San Pablo';Ruta_Q26;'Ruta 199 - NAI - Quitumbe';Ruta084;Ruta_085_-_Hospital_Metropolitano_-_Orquideas;'Ruta 199 - NAI - Quitumbe';Ruta_021_-_Guapulo_-_Las_Alcantarillas;Ruta_056_-_Marín_-_Quitumbe;'Ruta 199 - NAI - Quitumbe';Ruta_014_-_Villaflora_-_San_Martín_de_Porres;Ruta_036_-_Barrio_Nuevo_-_La_Gasca;Ruta_002_-_Colón_-_Camal_-_La_Clemencia;Ruta_019_-_La_Gasca_-_Oriente_Quiteño;Ruta_118;Ruta_119;Ruta_q27;Ruta_q28;Ruta_025_-_Hipodromo_-_Camal;'Ruta 075 - Velasco - Ejido';Ruta_153_-_Roldos_-_Jardín;Ruta_090_-_Inca_-_Camal;Ruta_151_-_Universidad_Central_-_Villaflora_-_Forestal_Alta "D:\utp\Moreta\Presentación Rutas\Rutas Transporte Público\Rutas TP.shp" "Origen___D 'Origen___D' true true false 50 Text 0 0 ,First,#,Ruta_152_-_Marín_-_Ferroviaria,Origen___D,-1,-1,Rutas Operadora Vencedores de Pichincha,Origen___D,-1,-1,Rutas Operadora Atahualpa,Origen___D,-1,-1,Rutas Operadora Calderón,Origen___D,-1,-1,Rutas Operadora San Juan de Calderón,Origen___D,-1,-1,Rutas Operadora Setramas,Origen___D,-1,-1,Rutas Operadora Metrotrans,Origen___D,-1,-1,Rutas Operadoran Juan Pablo II,Origen___D,-1,-1,Rutas Operadora Disutran S.A,Origen___D,-1,-1,Ruta Operadora Colectrans,Origen___D,-1,-1,Ruta Operadora Transheorica,Origen___D,-1,-1,Rutas Operadora San Francisco de Chillogallo,Origen___D,-1,-1,Rutas Operadora Transplaneta,Origen___D,-1,-1,Ruta Operadora Serviagosto,Origen___D,-1,-1,Rutas Operadora San Carlos,Origen___D,-1,-1,Rutas Operadora Quitumbe,Origen___D,-1,-1,Rutas Operadora 7 de Mayo,Origen___D,-1,-1,Rutas Operadora Bellavista,Origen___D,-1,-1,Rutas Operadora Pichincha,Origen___D,-1,-1,Rutas Operadora Transporsel,Origen___D,-1,-1,Ruta_154_-_Planada_-_Marín,Origen___D,-1,-1,Rutas Operadora Secuatrans,Origen___D,-1,-1,Rutas Operadora Semgyllfor,Origen___D,-1,-1,Rutas Operadora Latitranstursa S.A,Origen___D,-1,-1,Rutas Operadora Translatinos,Origen___D,-1,-1,Rutas Operadora 21 de Julio,Origen___D,-1,-1,Rutas Operadora Lujoturissa,Origen___D,-1,-1,Rutas Operadora Transmetrópoli,Origen___D,-1,-1,Ruta Operadora Condor Mirador,Origen___D,-1,-1,Rutas Operadora Transalfa,Origen___D,-1,-1,Rutas Operadora San Cristóbal,Origen___D,-1,-1,Ruta_066_-_San_Vicente_-_Ejido,Origen___D,-1,-1,Ruta_207_-_Pululahua_-_Miraflores,Origen___D,-1,-1,Ruta_Q30_-_Bicentenario_-_Pampa_-_Ofelia,Origen___D,-1,-1,Ruta_Q31_-_San_Antonio_-_Ofelia,Origen___D,-1,-1,Ruta_Q32_-_Calacali_-_Ofelia,Origen___D,-1,-1,Rutas_207B_-_Pululahua_-_Panecillo,Origen___D,-1,-1,Ruta_Q29_-_Atucucho_-_Comité_del_Pueblo,Origen___D,-1,-1,Ruta_Q38_-_Santa_María_-_Parada_Florida,Origen___D,-1,-1,Ruta_Q39_-_Atucucho_-_Ofelia,Origen___D,-1,-1,Ruta_Q40_-_Seminario_Mayor_-_El_Placer,Origen___D,-1,-1,Ruta 031 - Carcelén Bajo - Marín,Origen___D,-1,-1,Ruta 063 - Oelia - Cotocollao,Origen___D,-1,-1,Ruta_061_-_Carcelén_-_Brasilia_-_Ejido,Origen___D,-1,-1,Ruta_062_-_La_Josefina_-_Ejido,Origen___D,-1,-1,Ruta_064_-_Cochapamba_Sur_-_Cochapamba_Norte_-_Don_Bosco,Origen___D,-1,-1,Ruta_113_-_Carcelén_-_Marín,Origen___D,-1,-1,Ruta_130_-_La_Pulida_-_Ejido,Origen___D,-1,-1,Ruta_Q37_-_Carcelén_Bajo_-_Ofelia,Origen___D,-1,-1,Rutas_Q36_-_Terminal_Terrestre_Carcelén_-_Ofelia,Origen___D,-1,-1,Ruta 074 - 23 de Junio - Ejído,Origen___D,-1,-1,Ruta_106_-_Condado_-_Marín,Origen___D,-1,-1,Rutas_Q33_-_Colinas_del_Norte_-_Ofelia,Origen___D,-1,-1,Rutas_Q34_-_Pisuli_-_Roldos_-_Ofelia,Origen___D,-1,-1,Rutas_Q35_-_Planada_-_Ofelia,Origen___D,-1,-1,Ruta 009 - Pueblo Blanco - Ciudadela Alegria - Ejido,Origen___D,-1,-1,Ruta 093 - Bueno Aires - Trebol,Origen___D,-1,-1,Ruta 096 - Eden - San Pablo,Origen___D,-1,-1,Ruta_Q26,Origen___D,-1,-1,Ruta 199 - NAI - Quitumbe,Origen___D,-1,-1,Ruta084,Origen___D,-1,-1,Ruta_085_-_Hospital_Metropolitano_-_Orquideas,Origen___D,-1,-1,Ruta 199 - NAI - Quitumbe,Origen___D,-1,-1,Ruta_021_-_Guapulo_-_Las_Alcantarillas,Origen___D,-1,-1,Ruta_056_-_Marín_-_Quitumbe,Origen___D,-1,-1,Ruta 199 - NAI - Quitumbe,Origen___D,-1,-1,Ruta_014_-_Villaflora_-_San_Martín_de_Porres,Origen___D,-1,-1,Ruta_036_-_Barrio_Nuevo_-_La_Gasca,Origen___D,-1,-1,Ruta_002_-_Colón_-_Camal_-_La_Clemencia,Origen___D,-1,-1,Ruta_019_-_La_Gasca_-_Oriente_Quiteño,Origen___D,-1,-1,Ruta_118,Origen___D,-1,-1,Ruta_119,Origen___D,-1,-1,Ruta_q27,Origen___D,-1,-1,Ruta_q28,Origen___D,-1,-1,Ruta_025_-_Hipodromo_-_Camal,Origen___D,-1,-1,Ruta 075 - Velasco - Ejido,Origen___D,-1,-1,Ruta_153_-_Roldos_-_Jardín,Origen___D,-1,-1,Ruta_090_-_Inca_-_Camal,Origen___D,-1,-1,Ruta_151_-_Universidad_Central_-_Villaflora_-_Forestal_Alta,Origen___D,-1,-1;Nombre_Ope 'Nombre_Ope' true true false 50 Text 0 0 ,First,#,Ruta_152_-_Marín_-_Ferroviaria,Nombre_Ope,-1,-1,Rutas Operadora Vencedores de Pichincha,Nombre_Ope,-1,-1,Rutas Operadora Atahualpa,Nombre_Ope,-1,-1,Rutas Operadora Calderón,Nombre_Ope,-1,-1,Rutas Operadora San Juan de Calderón,Nombre_Ope,-1,-1,Rutas Operadora Setramas,Nombre_Ope,-1,-1,Rutas Operadora Metrotrans,Nombre_Ope,-1,-1,Rutas Operadoran Juan Pablo II,Nombre_Ope,-1,-1,Rutas Operadora Disutran S.A,Nombre_Ope,-1,-1,Ruta Operadora Colectrans,Nombre_Ope,-1,-1,Ruta Operadora Transheorica,Nombre_Ope,-1,-1,Rutas Operadora San Francisco de Chillogallo,Nombre_Ope,-1,-1,Rutas Operadora Transplaneta,Nombre_Ope,-1,-1,Ruta Operadora Serviagosto,Nombre_Ope,-1,-1,Rutas Operadora San Carlos,Nombre_Ope,-1,-1,Rutas Operadora Quitumbe,Nombre_Ope,-1,-1,Rutas Operadora 7 de Mayo,Nombre_Ope,-1,-1,Rutas Operadora Bellavista,Nombre_Ope,-1,-1,Rutas Operadora Pichincha,Nombre_Ope,-1,-1,Rutas Operadora Transporsel,Nombre_Ope,-1,-1,Ruta_154_-_Planada_-_Marín,Nombre_Ope,-1,-1,Rutas Operadora Secuatrans,Nombre_Ope,-1,-1,Rutas Operadora Semgyllfor,Nombre_Ope,-1,-1,Rutas Operadora Latitranstursa S.A,Nombre_Ope,-1,-1,Rutas Operadora Translatinos,Nombre_Ope,-1,-1,Rutas Operadora 21 de Julio,Nombre_Ope,-1,-1,Rutas Operadora Lujoturissa,Nombre_Ope,-1,-1,Rutas Operadora Transmetrópoli,Nombre_Ope,-1,-1,Ruta Operadora Condor Mirador,Nombre_Ope,-1,-1,Rutas Operadora Transalfa,Nombre_Ope,-1,-1,Rutas Operadora San Cristóbal,Nombre_Ope,-1,-1,Ruta_066_-_San_Vicente_-_Ejido,Nombre_Ope,-1,-1,Ruta_207_-_Pululahua_-_Miraflores,Nombre_Ope,-1,-1,Ruta_Q30_-_Bicentenario_-_Pampa_-_Ofelia,Nombre_Ope,-1,-1,Ruta_Q31_-_San_Antonio_-_Ofelia,Nombre_Ope,-1,-1,Ruta_Q32_-_Calacali_-_Ofelia,Nombre_Ope,-1,-1,Rutas_207B_-_Pululahua_-_Panecillo,Nombre_Ope,-1,-1,Ruta_Q29_-_Atucucho_-_Comité_del_Pueblo,Nombre_Ope,-1,-1,Ruta_Q38_-_Santa_María_-_Parada_Florida,Nombre_Ope,-1,-1,Ruta_Q39_-_Atucucho_-_Ofelia,Nombre_Ope,-1,-1,Ruta_Q40_-_Seminario_Mayor_-_El_Placer,Nombre_Ope,-1,-1,Ruta 031 - Carcelén Bajo - Marín,Nombre_Ope,-1,-1,Ruta 063 - Oelia - Cotocollao,Nombre_Ope,-1,-1,Ruta_061_-_Carcelén_-_Brasilia_-_Ejido,Nombre_Ope,-1,-1,Ruta_062_-_La_Josefina_-_Ejido,Nombre_Ope,-1,-1,Ruta_064_-_Cochapamba_Sur_-_Cochapamba_Norte_-_Don_Bosco,Nombre_Ope,-1,-1,Ruta_113_-_Carcelén_-_Marín,Nombre_Ope,-1,-1,Ruta_130_-_La_Pulida_-_Ejido,Nombre_Ope,-1,-1,Ruta_Q37_-_Carcelén_Bajo_-_Ofelia,Nombre_Ope,-1,-1,Rutas_Q36_-_Terminal_Terrestre_Carcelén_-_Ofelia,Nombre_Ope,-1,-1,Ruta 074 - 23 de Junio - Ejído,Nombre_Ope,-1,-1,Ruta_106_-_Condado_-_Marín,Nombre_Ope,-1,-1,Rutas_Q33_-_Colinas_del_Norte_-_Ofelia,Nombre_Ope,-1,-1,Rutas_Q34_-_Pisuli_-_Roldos_-_Ofelia,Nombre_Ope,-1,-1,Rutas_Q35_-_Planada_-_Ofelia,Nombre_Ope,-1,-1,Ruta 009 - Pueblo Blanco - Ciudadela Alegria - Ejido,Nombre_Ope,-1,-1,Ruta 093 - Bueno Aires - Trebol,Nombre_Ope,-1,-1,Ruta 096 - Eden - San Pablo,Nombre_Ope,-1,-1,Ruta_Q26,Nombre_Ope,-1,-1,Ruta 199 - NAI - Quitumbe,Nombre_Ope,-1,-1,Ruta084,Nombre_Ope,-1,-1,Ruta_085_-_Hospital_Metropolitano_-_Orquideas,Nombre_Ope,-1,-1,Ruta 199 - NAI - Quitumbe,Nombre_Ope,-1,-1,Ruta_021_-_Guapulo_-_Las_Alcantarillas,Nombre_Ope,-1,-1,Ruta_056_-_Marín_-_Quitumbe,Nombre_Ope,-1,-1,Ruta 199 - NAI - Quitumbe,Nombre_Ope,-1,-1,Ruta_014_-_Villaflora_-_San_Martín_de_Porres,Nombre_Ope,-1,-1,Ruta_036_-_Barrio_Nuevo_-_La_Gasca,Nombre_Ope,-1,-1,Ruta_002_-_Colón_-_Camal_-_La_Clemencia,Nombre_Ope,-1,-1,Ruta_019_-_La_Gasca_-_Oriente_Quiteño,Nombre_Ope,-1,-1,Ruta_118,Nombre_Ope,-1,-1,Ruta_119,Nombre_Ope,-1,-1,Ruta_q27,Nombre_Ope,-1,-1,Ruta_q28,Nombre_Ope,-1,-1,Ruta_025_-_Hipodromo_-_Camal,Nombre_Ope,-1,-1,Ruta 075 - Velasco - Ejido,Nombre_Ope,-1,-1,Ruta_153_-_Roldos_-_Jardín,Nombre_Ope,-1,-1,Ruta_090_-_Inca_-_Camal,Nombre_Ope,-1,-1,Ruta_151_-_Universidad_Central_-_Villaflora_-_Forestal_Alta,Nombre_Ope,-1,-1;Código_Ope 'Código_Ope' true true false 50 Text 0 0 ,First,#,Rutas Operadora Vencedores de Pichincha,Código_Ope,-1,-1,Rutas Operadora Atahualpa,Código_Ope,-1,-1,Rutas Operadora Calderón,Código_Ope,-1,-1,Rutas Operadora San Juan de Calderón,Código_Ope,-1,-1,Rutas Operadora Setramas,Código_Ope,-1,-1,Rutas Operadora Metrotrans,Código_Ope,-1,-1,Rutas Operadoran Juan Pablo II,Código_Ope,-1,-1,Rutas Operadora Disutran S.A,Código_Ope,-1,-1,Ruta Operadora Colectrans,Código_Ope,-1,-1,Ruta Operadora Transheorica,Código_Ope,-1,-1,Rutas Operadora San Francisco de Chillogallo,Código_Ope,-1,-1,Rutas Operadora Transplaneta,Código_Ope,-1,-1,Ruta Operadora Serviagosto,Código_Ope,-1,-1,Rutas Operadora San Carlos,Código_Ope,-1,-1,Rutas Operadora Quitumbe,Código_Ope,-1,-1,Rutas Operadora 7 de Mayo,Código_Ope,-1,-1,Rutas Operadora Bellavista,Código_Ope,-1,-1,Rutas Operadora Pichincha,Código_Ope,-1,-1,Rutas Operadora Transporsel,Código_Ope,-1,-1,Ruta_154_-_Planada_-_Marín,Código_Ope,-1,-1,Rutas Operadora Secuatrans,Código_Ope,-1,-1,Rutas Operadora Semgyllfor,Código_Ope,-1,-1,Rutas Operadora Latitranstursa S.A,Código_Ope,-1,-1,Rutas Operadora Translatinos,Código_Ope,-1,-1,Rutas Operadora 21 de Julio,Código_Ope,-1,-1,Rutas Operadora Lujoturissa,Código_Ope,-1,-1,Rutas Operadora Transmetrópoli,Código_Ope,-1,-1,Ruta Operadora Condor Mirador,Código_Ope,-1,-1,Rutas Operadora Transalfa,Código_Ope,-1,-1,Rutas Operadora San Cristóbal,Código_Ope,-1,-1,Ruta 074 - 23 de Junio - Ejído,Código_Ope,-1,-1,Rutas_Q33_-_Colinas_del_Norte_-_Ofelia,Código_Ope,-1,-1,Ruta 009 - Pueblo Blanco - Ciudadela Alegria - Ejido,Código_Ope,-1,-1,Ruta_118,Código_Ope,-1,-1;Código_Rut 'Código_Rut' true true false 50 Text 0 0 ,First,#,Rutas Operadora Vencedores de Pichincha,Código_Rut,-1,-1,Rutas Operadora Atahualpa,Código_Rut,-1,-1,Rutas Operadora Calderón,Código_Rut,-1,-1,Rutas Operadora San Juan de Calderón,Código_Rut,-1,-1,Rutas Operadora Setramas,Código_Rut,-1,-1,Rutas Operadora Metrotrans,Código_Rut,-1,-1,Rutas Operadoran Juan Pablo II,Código_Rut,-1,-1,Rutas Operadora Disutran S.A,Código_Rut,-1,-1,Ruta Operadora Colectrans,Código_Rut,-1,-1,Ruta Operadora Transheorica,Código_Rut,-1,-1,Rutas Operadora San Francisco de Chillogallo,Código_Rut,-1,-1,Rutas Operadora Transplaneta,Código_Rut,-1,-1,Ruta Operadora Serviagosto,Código_Rut,-1,-1,Rutas Operadora San Carlos,Código_Rut,-1,-1,Rutas Operadora Quitumbe,Código_Rut,-1,-1,Rutas Operadora 7 de Mayo,Código_Rut,-1,-1,Rutas Operadora Bellavista,Código_Rut,-1,-1,Rutas Operadora Pichincha,Código_Rut,-1,-1,Rutas Operadora Transporsel,Código_Rut,-1,-1,Ruta_154_-_Planada_-_Marín,Código_Rut,-1,-1,Rutas Operadora Secuatrans,Código_Rut,-1,-1,Rutas Operadora Semgyllfor,Código_Rut,-1,-1,Rutas Operadora Latitranstursa S.A,Código_Rut,-1,-1,Rutas Operadora Translatinos,Código_Rut,-1,-1,Rutas Operadora 21 de Julio,Código_Rut,-1,-1,Rutas Operadora Lujoturissa,Código_Rut,-1,-1,Rutas Operadora Transmetrópoli,Código_Rut,-1,-1,Ruta Operadora Condor Mirador,Código_Rut,-1,-1,Rutas Operadora Transalfa,Código_Rut,-1,-1,Rutas Operadora San Cristóbal,Código_Rut,-1,-1,Ruta_Q30_-_Bicentenario_-_Pampa_-_Ofelia,Código_Rut,-1,-1,Ruta_Q31_-_San_Antonio_-_Ofelia,Código_Rut,-1,-1,Ruta_Q32_-_Calacali_-_Ofelia,Código_Rut,-1,-1,Ruta_Q29_-_Atucucho_-_Comité_del_Pueblo,Código_Rut,-1,-1,Ruta_Q38_-_Santa_María_-_Parada_Florida,Código_Rut,-1,-1,Ruta_Q39_-_Atucucho_-_Ofelia,Código_Rut,-1,-1,Ruta_Q40_-_Seminario_Mayor_-_El_Placer,Código_Rut,-1,-1,Ruta_Q37_-_Carcelén_Bajo_-_Ofelia,Código_Rut,-1,-1,Rutas_Q36_-_Terminal_Terrestre_Carcelén_-_Ofelia,Código_Rut,-1,-1,Ruta 074 - 23 de Junio - Ejído,Código_Rut,-1,-1,Rutas_Q34_-_Pisuli_-_Roldos_-_Ofelia,Código_Rut,-1,-1,Rutas_Q35_-_Planada_-_Ofelia,Código_Rut,-1,-1,Ruta 009 - Pueblo Blanco - Ciudadela Alegria - Ejido,Código_Rut,-1,-1,Ruta_Q26,Código_Rut,-1,-1,Ruta_119,Código_Rut,-1,-1,Ruta_q27,Código_Rut,-1,-1,Ruta_q28,Código_Rut,-1,-1;Flota 'Flota' true true false 4 Short 0 4 ,First,#,Rutas Operadora Vencedores de Pichincha,Flota,-1,-1,Rutas Operadora Atahualpa,Flota,-1,-1,Rutas Operadora Calderón,Flota,-1,-1,Rutas Operadora San Juan de Calderón,Flota,-1,-1,Rutas Operadora Setramas,Flota,-1,-1,Rutas Operadora Metrotrans,Flota,-1,-1,Rutas Operadoran Juan Pablo II,Flota,-1,-1,Rutas Operadora Disutran S.A,Flota,-1,-1,Ruta Operadora Colectrans,Flota,-1,-1,Ruta Operadora Transheorica,Flota,-1,-1,Rutas Operadora San Francisco de Chillogallo,Flota,-1,-1,Rutas Operadora Transplaneta,Flota,-1,-1,Ruta Operadora Serviagosto,Flota,-1,-1,Rutas Operadora San Carlos,Flota,-1,-1,Rutas Operadora Quitumbe,Flota,-1,-1,Rutas Operadora 7 de Mayo,Flota,-1,-1,Rutas Operadora Bellavista,Flota,-1,-1,Rutas Operadora Pichincha,Flota,-1,-1,Rutas Operadora Transporsel,Flota,-1,-1,Ruta_154_-_Planada_-_Marín,Flota,-1,-1,Rutas Operadora Secuatrans,Flota,-1,-1,Rutas Operadora Semgyllfor,Flota,-1,-1,Rutas Operadora Latitranstursa S.A,Flota,-1,-1,Rutas Operadora Translatinos,Flota,-1,-1,Rutas Operadora 21 de Julio,Flota,-1,-1,Rutas Operadora Lujoturissa,Flota,-1,-1,Rutas Operadora Transmetrópoli,Flota,-1,-1,Ruta Operadora Condor Mirador,Flota,-1,-1,Rutas Operadora Transalfa,Flota,-1,-1,Rutas Operadora San Cristóbal,Flota,-1,-1,Ruta_Q30_-_Bicentenario_-_Pampa_-_Ofelia,Flota,-1,-1,Ruta_Q31_-_San_Antonio_-_Ofelia,Flota,-1,-1,Ruta_Q32_-_Calacali_-_Ofelia,Flota,-1,-1,Ruta_Q29_-_Atucucho_-_Comité_del_Pueblo,Flota,-1,-1,Ruta_Q38_-_Santa_María_-_Parada_Florida,Flota,-1,-1,Ruta_Q39_-_Atucucho_-_Ofelia,Flota,-1,-1,Ruta_Q40_-_Seminario_Mayor_-_El_Placer,Flota,-1,-1,Ruta_Q37_-_Carcelén_Bajo_-_Ofelia,Flota,-1,-1,Rutas_Q36_-_Terminal_Terrestre_Carcelén_-_Ofelia,Flota,-1,-1,Ruta 074 - 23 de Junio - Ejído,Flota,-1,-1,Rutas_Q33_-_Colinas_del_Norte_-_Ofelia,Flota,-1,-1,Rutas_Q34_-_Pisuli_-_Roldos_-_Ofelia,Flota,-1,-1,Rutas_Q35_-_Planada_-_Ofelia,Flota,-1,-1,Ruta 009 - Pueblo Blanco - Ciudadela Alegria - Ejido,Flota,-1,-1,Ruta_q27,Flota,-1,-1;Frecuencia 'Frecuencia' true true false 19 Double 0 0 ,First,#,Rutas Operadora Vencedores de Pichincha,Frecuencia,-1,-1,Rutas Operadora Atahualpa,Frecuencia,-1,-1,Rutas Operadora Calderón,Frecuencia,-1,-1,Rutas Operadora San Juan de Calderón,Frecuencia,-1,-1,Rutas Operadora Setramas,Frecuencia,-1,-1,Rutas Operadora Metrotrans,Frecuencia,-1,-1,Rutas Operadoran Juan Pablo II,Frecuencia,-1,-1,Rutas Operadora Disutran S.A,Frecuencia,-1,-1,Ruta Operadora Colectrans,Frecuencia,-1,-1,Ruta Operadora Transheorica,Frecuencia,-1,-1,Rutas Operadora San Francisco de Chillogallo,Frecuencia,-1,-1,Rutas Operadora Transplaneta,Frecuencia,-1,-1,Ruta Operadora Serviagosto,Frecuencia,-1,-1,Rutas Operadora San Carlos,Frecuencia,-1,-1,Rutas Operadora Quitumbe,Frecuencia,-1,-1,Rutas Operadora 7 de Mayo,Frecuencia,-1,-1,Rutas Operadora Bellavista,Frecuencia,-1,-1,Rutas Operadora Pichincha,Frecuencia,-1,-1,Rutas Operadora Transporsel,Frecuencia,-1,-1,Ruta_154_-_Planada_-_Marín,Frecuencia,-1,-1,Rutas Operadora Secuatrans,Frecuencia,-1,-1,Rutas Operadora Semgyllfor,Frecuencia,-1,-1,Rutas Operadora Latitranstursa S.A,Frecuencia,-1,-1,Rutas Operadora Translatinos,Frecuencia,-1,-1,Rutas Operadora 21 de Julio,Frecuencia,-1,-1,Rutas Operadora Lujoturissa,Frecuencia,-1,-1,Rutas Operadora Transmetrópoli,Frecuencia,-1,-1,Ruta Operadora Condor Mirador,Frecuencia,-1,-1,Rutas Operadora Transalfa,Frecuencia,-1,-1,Rutas Operadora San Cristóbal,Frecuencia,-1,-1,Ruta 074 - 23 de Junio - Ejído,Frecuencia,-1,-1,Ruta 009 - Pueblo Blanco - Ciudadela Alegria - Ejido,Frecuencia,-1,-1"</Process><Process ToolSource="C:\Program Files (x86)\ArcGIS\ArcToolbox\Toolboxes\Data Management Tools.tbx\Merge" Date="20140714" Time="100651">Merge Rutas_TP;'D:\utp\Moreta\Rutas Operadora Atahualpa - Vepiex\Rutas Operadora Atahualpa y Vepiex.shp' "D:\utp\Moreta\Presentación Rutas\Rutas Actualizadas 14072014\Rutas Transporte Público.shp" "Origen___D 'Origen___D' true true false 50 Text 0 0 ,First,#,Rutas_TP,Origen___D,-1,-1,D:\utp\Moreta\Rutas Operadora Atahualpa - Vepiex\Rutas Operadora Atahualpa y Vepiex.shp,Origen___D,-1,-1;Nombre_Ope 'Nombre_Ope' true true false 50 Text 0 0 ,First,#,Rutas_TP,Nombre_Ope,-1,-1,D:\utp\Moreta\Rutas Operadora Atahualpa - Vepiex\Rutas Operadora Atahualpa y Vepiex.shp,Nombre_Ope,-1,-1;Código_Ope 'Código_Ope' true true false 50 Text 0 0 ,First,#,Rutas_TP,Código_Ope,-1,-1,D:\utp\Moreta\Rutas Operadora Atahualpa - Vepiex\Rutas Operadora Atahualpa y Vepiex.shp,Código_Ope,-1,-1;Código_Rut 'Código_Rut' true true false 50 Text 0 0 ,First,#,Rutas_TP,Código_Rut,-1,-1,D:\utp\Moreta\Rutas Operadora Atahualpa - Vepiex\Rutas Operadora Atahualpa y Vepiex.shp,Código_Rut,-1,-1;Flota 'Flota' true true false 4 Short 0 4 ,First,#,Rutas_TP,Flota,-1,-1,D:\utp\Moreta\Rutas Operadora Atahualpa - Vepiex\Rutas Operadora Atahualpa y Vepiex.shp,Flota,-1,-1;Frecuencia 'Frecuencia' true true false 19 Double 0 0 ,First,#,Rutas_TP,Frecuencia,-1,-1,D:\utp\Moreta\Rutas Operadora Atahualpa - Vepiex\Rutas Operadora Atahualpa y Vepiex.shp,Frecuencia,-1,-1;Longitud 'Longitud' true true false 19 Double 0 0 ,First,#,Rutas_TP,Longitud,-1,-1,D:\utp\Moreta\Rutas Operadora Atahualpa - Vepiex\Rutas Operadora Atahualpa y Vepiex.shp,Longitud,-1,-1;Sentido 'Sentido' true true false 50 Text 0 0 ,First,#,Rutas_TP,Sentido,-1,-1,D:\utp\Moreta\Rutas Operadora Atahualpa - Vepiex\Rutas Operadora Atahualpa y Vepiex.shp,Sentido,-1,-1"</Process><Process ToolSource="c:\program files (x86)\arcgis\desktop10.1\ArcToolbox\Toolboxes\Data Management Tools.tbx\CalculateField" Date="20160304" Time="103141">CalculateField RUTAS_CONVENCIONALES_AEROPUERTO Intervalo "60 / [Frecuencia]" VB #</Process><Process ToolSource="c:\program files (x86)\arcgis\desktop10.1\ArcToolbox\Toolboxes\Data Management Tools.tbx\CalculateField" Date="20161128" Time="131221">CalculateField Rutas_CU_nov2016 nombre_rut [Origen___D] VB #</Process><Process ToolSource="c:\program files (x86)\arcgis\desktop10.1\ArcToolbox\Toolboxes\Data Management Tools.tbx\CalculateField" Date="20161128" Time="131249">CalculateField Rutas_CU_nov2016 operadora [Nombre_Ope] VB #</Process><Process ToolSource="c:\program files (x86)\arcgis\desktop10.1\ArcToolbox\Toolboxes\Data Management Tools.tbx\CalculateField" Date="20161128" Time="131358">CalculateField Rutas_CU_nov2016 cod_operad [Código_Ope] VB #</Process><Process ToolSource="c:\program files (x86)\arcgis\desktop10.1\ArcToolbox\Toolboxes\Data Management Tools.tbx\CalculateField" Date="20161128" Time="131424">CalculateField Rutas_CU_nov2016 cod_operad [Código_Ope] VB #</Process><Process ToolSource="c:\program files (x86)\arcgis\desktop10.1\ArcToolbox\Toolboxes\Data Management Tools.tbx\CalculateField" Date="20161128" Time="131446">CalculateField Rutas_CU_nov2016 cod_ruta [Código_Rut] VB #</Process><Process ToolSource="c:\program files (x86)\arcgis\desktop10.1\ArcToolbox\Toolboxes\Data Management Tools.tbx\CalculateField" Date="20161128" Time="131553">CalculateField Rutas_CU_nov2016 long_km [Longitud] VB #</Process><Process ToolSource="c:\program files (x86)\arcgis\desktop10.1\ArcToolbox\Toolboxes\Data Management Tools.tbx\CalculateField" Date="20161128" Time="131610">CalculateField Rutas_CU_nov2016 long_km [Longitud] VB #</Process><Process ToolSource="c:\program files (x86)\arcgis\desktop10.1\ArcToolbox\Toolboxes\Data Management Tools.tbx\CalculateField" Date="20161128" Time="131616">CalculateField Rutas_CU_nov2016 flota_1 [Flota] VB #</Process><Process ToolSource="c:\program files (x86)\arcgis\desktop10.1\ArcToolbox\Toolboxes\Data Management Tools.tbx\CalculateField" Date="20161128" Time="131642">CalculateField Rutas_CU_nov2016 direccion [Sentido] VB #</Process><Process ToolSource="c:\program files (x86)\arcgis\desktop10.1\ArcToolbox\Toolboxes\Data Management Tools.tbx\CalculateField" Date="20161128" Time="131707">CalculateField Rutas_CU_nov2016 flota [flota_1] VB #</Process><Process ToolSource="c:\program files (x86)\arcgis\desktop10.1\ArcToolbox\Toolboxes\Data Management Tools.tbx\Project" Date="20161128" Time="135337">Project RutasUrbanas C:\Users\ajarrin\Documents\ArcGIS\Default.gdb\RutasUrbanas_Project PROJCS['WGS84TMQ',GEOGCS['GCS_WGS_1984',DATUM['D_WGS_1984',SPHEROID['WGS_1984',6378137.0,298.257223563]],PRIMEM['Greenwich',0.0],UNIT['Degree',0.0174532925199433]],PROJECTION['Transverse_Mercator_Complex'],PARAMETER['False_Easting',500000.0],PARAMETER['False_Northing',10000000.0],PARAMETER['Central_Meridian',-78.5],PARAMETER['Scale_Factor',1.0004584],PARAMETER['Latitude_Of_Origin',0.0],UNIT['Meter',1.0]] # PROJCS['quitow84',GEOGCS['GCS_WGS_1984',DATUM['D_WGS_1984',SPHEROID['WGS_1984',6378137.0,298.257223563]],PRIMEM['Greenwich',0.0],UNIT['Degree',0.0174532925199433]],PROJECTION['Transverse_Mercator_Complex'],PARAMETER['False_Easting',500000.0],PARAMETER['False_Northing',10000000.0],PARAMETER['Central_Meridian',-78.5],PARAMETER['Scale_Factor',1.0004584],PARAMETER['Latitude_Of_Origin',0.0],UNIT['Meter',1.0]]</Process></lineage><itemProps><itemLocation><linkage Sync="TRUE">file://\\PC80SECRE13\Users\ajarrin\Documents\ArcGIS\Default.gdb</linkage><protocol Sync="TRUE">Local Area Network</protocol></itemLocation></itemProps><copyHistory><copy source="C:\A. Jarrin Silva\GIS\GIS_SGP\GIS_.shps\RUTAS\RUTAS TRANSPORTE - NOV-2016\RUTAS_CONVENCIONALES" dest="\\PC80SECRE13\C$\A. Jarrin Silva\GIS\GIS_SGP\GIS_.shps\RUTAS\Conv.Urb\nov 2016\RUTAS_CONVENCIONALES" date="20161124" time="11121700"></copy></copyHistory></DataProperties><SyncDate>20140714</SyncDate><SyncTime>10065000</SyncTime><ModDate>20140714</ModDate><ModTime>10065000</ModTime><ArcGISFormat>1.0</ArcGISFormat></Esri><idinfo><citation><citeinfo><onlink Sync="TRUE">\\E1310A0012\D$\utp\Moreta\Presentación Rutas\Rutas Actualizadas 14072014\Rutas Transporte Público.shp</onlink><origin>REQUIRED: The name of an organization or individual that developed the data set.</origin><pubdate>REQUIRED: The date when the data set is published or otherwise made available for release.</pubdate><title Sync="TRUE">Rutas Transporte Público</title><ftname Sync="TRUE">Rutas Transporte Público</ftname><geoform Sync="TRUE">vector digital data</geoform></citeinfo></citation><native Sync="TRUE">Microsoft Windows Vista Version 6.1 (Build 7601) Service Pack 1; ESRI ArcCatalog 9.3.0.1770</native><descript><langdata Sync="TRUE">es</langdata><abstract>REQUIRED: A brief narrative summary of the data set.</abstract><purpose>REQUIRED: A summary of the intentions with which the data set was developed.</purpose></descript><timeperd><current>REQUIRED: The basis on which the time period of content information is determined.</current><timeinfo><sngdate><caldate>REQUIRED: The year (and optionally month, or month and day) for which the data set corresponds to the ground.</caldate></sngdate></timeinfo></timeperd><status><progress>REQUIRED: The state of the data set.</progress><update>REQUIRED: The frequency with which changes and additions are made to the data set after the initial data set is completed.</update></status><spdom><bounding><westbc Sync="TRUE">REQUIRED: Western-most coordinate of the limit of coverage expressed in longitude.</westbc><eastbc Sync="TRUE">REQUIRED: Eastern-most coordinate of the limit of coverage expressed in longitude.</eastbc><northbc Sync="TRUE">REQUIRED: Northern-most coordinate of the limit of coverage expressed in latitude.</northbc><southbc Sync="TRUE">REQUIRED: Southern-most coordinate of the limit of coverage expressed in latitude.</southbc></bounding></spdom><keywords><theme><themekt>REQUIRED: Reference to a formally registered thesaurus or a similar authoritative source of theme keywords.</themekt><themekey>REQUIRED: Common-use word or phrase used to describe the subject of the data set.</themekey></theme></keywords><accconst>REQUIRED: Restrictions and legal prerequisites for accessing the data set.</accconst><useconst>REQUIRED: Restrictions and legal prerequisites for using the data set after access is granted.</useconst><natvform Sync="TRUE">Shapefile</natvform></idinfo><distInfo><distributor><distorTran><onLineSrc><linkage Sync="TRUE">file://\\E1310A0012\D$\utp\Moreta\Presentación Rutas\Rutas Actualizadas 14072014\Rutas Transporte Público.shp</linkage><protocol Sync="TRUE">Local Area Network</protocol><orDesc Sync="TRUE">002</orDesc></onLineSrc><transSize Sync="TRUE">0,000</transSize></distorTran><distorFormat><formatName Sync="TRUE">Shapefile</formatName></distorFormat></distributor></distInfo><dataqual><lineage><procstep><procdesc Sync="TRUE">Dataset copied.</procdesc><srcused Sync="TRUE"></srcused><procdate Sync="TRUE">20111214</procdate><proctime Sync="TRUE">16340300</proctime></procstep><procstep><procdesc Sync="TRUE">Dataset copied.</procdesc><srcused Sync="TRUE"></srcused><procdate Sync="TRUE">20120410</procdate><proctime Sync="TRUE">08251400</proctime></procstep><procstep><procdesc Sync="TRUE">Dataset copied.</procdesc><srcused Sync="TRUE"></srcused><procdate Sync="TRUE">20120410</procdate><proctime Sync="TRUE">08274700</proctime></procstep><procstep><procdesc Sync="TRUE">Dataset copied.</procdesc><srcused Sync="TRUE"></srcused><procdate Sync="TRUE">20131130</procdate><proctime Sync="TRUE">12060200</proctime></procstep><procstep><procdesc Sync="TRUE">Dataset copied.</procdesc><srcused Sync="TRUE"></srcused><procdate Sync="TRUE">20140613</procdate><proctime Sync="TRUE">16174900</proctime></procstep><procstep><procdesc Sync="TRUE">Dataset copied.</procdesc><srcused Sync="TRUE"></srcused><procdate Sync="TRUE">20140616</procdate><proctime Sync="TRUE">09133700</proctime></procstep><procstep><procdesc Sync="TRUE">Dataset copied.</procdesc><srcused Sync="TRUE"></srcused><procdate Sync="TRUE">20140616</procdate><proctime Sync="TRUE">16121700</proctime></procstep></lineage></dataqual><dataIdInfo><envirDesc Sync="TRUE">Microsoft Windows Vista Version 6.1 (Build 7601) Service Pack 1; ESRI ArcCatalog 9.3.0.1770</envirDesc><dataLang><languageCode Sync="TRUE" value="es"></languageCode></dataLang><idCitation><resTitle Sync="TRUE">Rutas Transporte Público</resTitle><presForm><PresFormCd Sync="TRUE" value="005"></PresFormCd></presForm></idCitation><spatRpType><SpatRepTypCd Sync="TRUE" value="001"></SpatRepTypCd></spatRpType></dataIdInfo><metainfo><langmeta Sync="TRUE">es</langmeta><metstdn Sync="TRUE">FGDC Content Standards for Digital Geospatial Metadata</metstdn><metstdv Sync="TRUE">FGDC-STD-001-1998</metstdv><mettc Sync="TRUE">local time</mettc><metc><cntinfo><cntorgp><cntper>REQUIRED: The person responsible for the metadata information.</cntper><cntorg>REQUIRED: The organization responsible for the metadata information.</cntorg></cntorgp><cntaddr><addrtype>REQUIRED: The mailing and/or physical address for the organization or individual.</addrtype><city>REQUIRED: The city of the address.</city><state>REQUIRED: The state or province of the address.</state><postal>REQUIRED: The ZIP or other postal code of the address.</postal></cntaddr><cntvoice>REQUIRED: The telephone number by which individuals can speak to the organization or individual.</cntvoice></cntinfo></metc><metd Sync="TRUE">20140714</metd><metextns><onlink Sync="TRUE">http://www.esri.com/metadata/esriprof80.html</onlink><metprof Sync="TRUE">ESRI Metadata Profile</metprof></metextns></metainfo><mdLang><languageCode Sync="TRUE" value="es"></languageCode></mdLang><mdStanName Sync="TRUE">ISO 19115 Geographic Information - Metadata</mdStanName><mdStanVer Sync="TRUE">DIS_ESRI1.0</mdStanVer><mdChar><CharSetCd Sync="TRUE" value="004"></CharSetCd></mdChar><mdHrLv><ScopeCd Sync="TRUE" value="005"></ScopeCd></mdHrLv><mdHrLvName Sync="TRUE">dataset</mdHrLvName><distinfo><resdesc Sync="TRUE">Downloadable Data</resdesc><stdorder><digform><digtinfo><transize Sync="TRUE">0,000</transize><dssize Sync="TRUE">0,000</dssize></digtinfo></digform></stdorder></distinfo><spdoinfo><direct Sync="TRUE">Vector</direct><ptvctinf><esriterm Name="Rutas Transporte Público"><efeatyp Sync="TRUE">Simple</efeatyp><efeageom Sync="TRUE">Polyline</efeageom><esritopo Sync="TRUE">FALSE</esritopo><efeacnt Sync="TRUE">0</efeacnt><spindex Sync="TRUE">FALSE</spindex><linrefer Sync="TRUE">FALSE</linrefer></esriterm><sdtsterm Name="Rutas Transporte Público"><sdtstype Sync="TRUE">String</sdtstype><ptvctcnt Sync="TRUE">0</ptvctcnt></sdtsterm></ptvctinf></spdoinfo><spref><horizsys><cordsysn><geogcsn Sync="TRUE">GCS_WGS_1984</geogcsn><projcsn Sync="TRUE">quitow84</projcsn></cordsysn><planar><planci><plance Sync="TRUE">coordinate pair</plance><plandu Sync="TRUE">meters</plandu><coordrep><absres Sync="TRUE">0.000000</absres><ordres Sync="TRUE">0.000000</ordres></coordrep></planci><mapproj><mapprojn Sync="TRUE">Transverse_Mercator_Complex</mapprojn><mapprojp><stdparll Sync="TRUE">0.000000</stdparll><longcm Sync="TRUE">-78.500000</longcm><latprjo Sync="TRUE">0.000000</latprjo><feast Sync="TRUE">500000.000000</feast><fnorth Sync="TRUE">10000000.000000</fnorth></mapprojp></mapproj></planar><geodetic><horizdn Sync="TRUE">D_WGS_1984</horizdn><ellips Sync="TRUE">WGS_1984</ellips><semiaxis Sync="TRUE">6378137.000000</semiaxis><denflat Sync="TRUE">298.257224</denflat></geodetic></horizsys></spref><refSysInfo><RefSystem><refSysID><identCode Sync="TRUE">quitow84</identCode></refSysID></RefSystem></refSysInfo><spatRepInfo><VectSpatRep><topLvl><TopoLevCd Sync="TRUE" value="001"></TopoLevCd></topLvl><geometObjs Name="Rutas Transporte Público"><geoObjTyp><GeoObjTypCd Sync="TRUE" value="001"></GeoObjTypCd></geoObjTyp><geoObjCnt Sync="TRUE">0</geoObjCnt></geometObjs></VectSpatRep></spatRepInfo><eainfo><detailed Name="Rutas Transporte Público"><enttyp><enttypl Sync="TRUE">Rutas Transporte Público</enttypl><enttypt Sync="TRUE">Feature Class</enttypt><enttypc Sync="TRUE">0</enttypc></enttyp><attr><attrlabl Sync="TRUE">FID</attrlabl><attalias Sync="TRUE">FID</attalias><attrtype Sync="TRUE">OID</attrtype><attwidth Sync="TRUE">4</attwidth><atprecis Sync="TRUE">0</atprecis><attscale Sync="TRUE">0</attscale><attrdef Sync="TRUE">Internal feature number.</attrdef><attrdefs Sync="TRUE">ESRI</attrdefs><attrdomv><udom Sync="TRUE">Sequential unique whole numbers that are automatically generated.</udom></attrdomv></attr><attr><attrlabl Sync="TRUE">Shape</attrlabl><attalias Sync="TRUE">Shape</attalias><attrtype Sync="TRUE">Geometry</attrtype><attwidth Sync="TRUE">0</attwidth><atprecis Sync="TRUE">0</atprecis><attscale Sync="TRUE">0</attscale><attrdef Sync="TRUE">Feature geometry.</attrdef><attrdefs Sync="TRUE">ESRI</attrdefs><attrdomv><udom Sync="TRUE">Coordinates defining the features.</udom></attrdomv></attr><attr><attrlabl Sync="TRUE">Origen___D</attrlabl><attalias Sync="TRUE">Origen___D</attalias><attrtype Sync="TRUE">String</attrtype><attwidth Sync="TRUE">50</attwidth></attr><attr><attrlabl Sync="TRUE">Nombre_Ope</attrlabl><attalias Sync="TRUE">Nombre_Ope</attalias><attrtype Sync="TRUE">String</attrtype><attwidth Sync="TRUE">50</attwidth></attr><attr><attrlabl Sync="TRUE">Código_Ope</attrlabl><attalias Sync="TRUE">Código_Ope</attalias><attrtype Sync="TRUE">String</attrtype><attwidth Sync="TRUE">50</attwidth></attr><attr><attrlabl Sync="TRUE">Código_Rut</attrlabl><attalias Sync="TRUE">Código_Rut</attalias><attrtype Sync="TRUE">String</attrtype><attwidth Sync="TRUE">50</attwidth></attr><attr><attrlabl Sync="TRUE">Flota</attrlabl><attalias Sync="TRUE">Flota</attalias><attrtype Sync="TRUE">Number</attrtype><attwidth Sync="TRUE">4</attwidth></attr><attr><attrlabl Sync="TRUE">Frecuencia</attrlabl><attalias Sync="TRUE">Frecuencia</attalias><attrtype Sync="TRUE">Float</attrtype><attwidth Sync="TRUE">19</attwidth><atnumdec Sync="TRUE">11</atnumdec></attr><attr><attrlabl Sync="TRUE">Longitud</attrlabl><attalias Sync="TRUE">Longitud</attalias><attrtype Sync="TRUE">Float</attrtype><attwidth Sync="TRUE">19</attwidth><atnumdec Sync="TRUE">11</atnumdec></attr><attr><attrlabl Sync="TRUE">Sentido</attrlabl><attalias Sync="TRUE">Sentido</attalias><attrtype Sync="TRUE">String</attrtype><attwidth Sync="TRUE">50</attwidth></attr></detailed></eainfo><mdDateSt Sync="TRUE">20140714</mdDateSt></metadata>
