<PAMDataset>
  <Metadata />
  <Metadata domain="Esri">
    <MDI key="PyramidResamplingType">NEAREST</MDI>
  </Metadata>
  <PAMRasterBand band="1">
    <GDALRasterAttributeTable>
      <FieldDefn index="0">
        <Name>OBJECTID</Name>
        <Type>0</Type>
        <Usage>0</Usage>
      </FieldDefn>
      <FieldDefn index="1">
        <Name>Value</Name>
        <Type>0</Type>
        <Usage>0</Usage>
      </FieldDefn>
      <FieldDefn index="2">
        <Name>Count</Name>
        <Type>1</Type>
        <Usage>0</Usage>
      </FieldDefn>
      <Row index="0">
        <F>1</F>
        <F>1</F>
        <F>9593739</F>
      </Row>
      <Row index="1">
        <F>2</F>
        <F>2</F>
        <F>803729</F>
      </Row>
      <Row index="2">
        <F>3</F>
        <F>3</F>
        <F>42281</F>
      </Row>
      <Row index="3">
        <F>4</F>
        <F>4</F>
        <F>4535</F>
      </Row>
      <Row index="4">
        <F>5</F>
        <F>5</F>
        <F>588</F>
      </Row>
    </GDALRasterAttributeTable>
  </PAMRasterBand>
</PAMDataset>
