<?xml version="1.0"?>
<!--<!DOCTYPE metadata SYSTEM "http://www.esri.com/metadata/esriprof80.dtd">-->
<metadata xml:lang="es"><Esri><CreaDate>20170728</CreaDate><CreaTime>08481100</CreaTime><SyncOnce>FALSE</SyncOnce><SyncDate>20120522</SyncDate><SyncTime>12052600</SyncTime><ModDate>20120522</ModDate><ModTime>12052600</ModTime><DataProperties><lineage><Process ToolSource="C:\Program Files (x86)\ArcGIS\ArcToolbox\Toolboxes\Conversion Tools.tbx\FeatureClassToFeatureClass" Date="20120522" Time="120530">FeatureClassToFeatureClass "H:\NETWORKING - RTBIS\ACTUALIZACIONES_ECNET\actualizacion_ECUADORNET 8.0\poi_1\POI.shp" "H:\NETWORKING - RTBIS\ACTUALIZACIONES_ECNET\actualizacion_ECUADORNET 8.0\ECUADORNET 8.0\ECUADOR_NETWORK.gdb\POI" POI # "NAME 'NAME' true true false 100 Text 0 0 ,First,#,H:\NETWORKING - RTBIS\ACTUALIZACIONES_ECNET\actualizacion_ECUADORNET 8.0\poi_1\POI.shp,NAME,-1,-1;CODE 'CODE' true true false 11 Double 0 11 ,First,#,H:\NETWORKING - RTBIS\ACTUALIZACIONES_ECNET\actualizacion_ECUADORNET 8.0\poi_1\POI.shp,CODE,-1,-1;PHONE 'PHONE' true true false 100 Text 0 0 ,First,#,H:\NETWORKING - RTBIS\ACTUALIZACIONES_ECNET\actualizacion_ECUADORNET 8.0\poi_1\POI.shp,PHONE,-1,-1;ADDRESS 'ADDRESS' true true false 100 Text 0 0 ,First,#,H:\NETWORKING - RTBIS\ACTUALIZACIONES_ECNET\actualizacion_ECUADORNET 8.0\poi_1\POI.shp,ADDRESS,-1,-1;CITY 'CITY' true true false 30 Text 0 0 ,First,#,H:\NETWORKING - RTBIS\ACTUALIZACIONES_ECNET\actualizacion_ECUADORNET 8.0\poi_1\POI.shp,CITY,-1,-1;TIME 'TIME' true true false 250 Text 0 0 ,First,#,H:\NETWORKING - RTBIS\ACTUALIZACIONES_ECNET\actualizacion_ECUADORNET 8.0\poi_1\POI.shp,TIME,-1,-1;UPDATE_ 'UPDATE_' true true false 2 Short 0 2 ,First,#,H:\NETWORKING - RTBIS\ACTUALIZACIONES_ECNET\actualizacion_ECUADORNET 8.0\poi_1\POI.shp,UPDATE,-1,-1;DATE_UPDAT 'DATE_UPDAT' true true false 8 Date 0 0 ,First,#,H:\NETWORKING - RTBIS\ACTUALIZACIONES_ECNET\actualizacion_ECUADORNET 8.0\poi_1\POI.shp,DATE_UPDAT,-1,-1;DESCR_COD 'DESCR_COD' true true false 100 Text 0 0 ,First,#,H:\NETWORKING - RTBIS\ACTUALIZACIONES_ECNET\actualizacion_ECUADORNET 8.0\poi_1\POI.shp,DESCR_COD,-1,-1;PROVINCE 'PROVINCE' true true false 100 Text 0 0 ,First,#,H:\NETWORKING - RTBIS\ACTUALIZACIONES_ECNET\actualizacion_ECUADORNET 8.0\poi_1\POI.shp,PROVINCE,-1,-1;X_COORD 'X_COORD' true true false 19 Double 0 0 ,First,#,H:\NETWORKING - RTBIS\ACTUALIZACIONES_ECNET\actualizacion_ECUADORNET 8.0\poi_1\POI.shp,X_COORD,-1,-1;Y_COORD 'Y_COORD' true true false 19 Double 0 0 ,First,#,H:\NETWORKING - RTBIS\ACTUALIZACIONES_ECNET\actualizacion_ECUADORNET 8.0\poi_1\POI.shp,Y_COORD,-1,-1;X 'X' true true false 9 Long 0 9 ,First,#,H:\NETWORKING - RTBIS\ACTUALIZACIONES_ECNET\actualizacion_ECUADORNET 8.0\poi_1\POI.shp,X,-1,-1;Y 'Y' true true false 9 Long 0 9 ,First,#,H:\NETWORKING - RTBIS\ACTUALIZACIONES_ECNET\actualizacion_ECUADORNET 8.0\poi_1\POI.shp,Y,-1,-1" # "H:\NETWORKING - RTBIS\ACTUALIZACIONES_ECNET\actualizacion_ECUADORNET 8.0\ECUADORNET 8.0\ECUADOR_NETWORK.gdb\POI\POI"</Process><Process ToolSource="c:\program files (x86)\arcgis\desktop10.1\ArcToolbox\Toolboxes\Data Management Tools.tbx\CalculateField" Date="20131217" Time="164947">CalculateField PDI_DMQ Nombre "INEPE" VB #</Process><Process ToolSource="c:\program files (x86)\arcgis\desktop10.1\ArcToolbox\Toolboxes\Data Management Tools.tbx\CalculateField" Date="20140120" Time="115306">CalculateField "Puntos de Interés" Nombre "CENTRO DE REVISION Y CONTROL VEHICULAR GUAMANI" VB #</Process><Process ToolSource="c:\program files (x86)\arcgis\desktop10.1\ArcToolbox\Toolboxes\Data Management Tools.tbx\CalculateField" Date="20150303" Time="185231">CalculateField "Centro de Desarrollo Comunitario" Adm_Zonal UCase( [Adm_Zonal]  ) VB #</Process><Process ToolSource="c:\program files (x86)\arcgis\desktop10.1\ArcToolbox\Toolboxes\Data Management Tools.tbx\CalculateField" Date="20150303" Time="185411">CalculateField "Centro de Desarrollo Comunitario" Adm_Zonal UCase( [Adm_Zonal] ) VB #</Process><Process ToolSource="c:\program files (x86)\arcgis\desktop10.1\ArcToolbox\Toolboxes\Data Management Tools.tbx\CalculateField" Date="20150303" Time="185453">CalculateField "Centro de Desarrollo Comunitario" Adm_Zonal UCase( [Adm_Zonal] ) VB #</Process><Process ToolSource="c:\program files (x86)\arcgis\desktop10.1\ArcToolbox\Toolboxes\Data Management Tools.tbx\CalculateField" Date="20150303" Time="185737">CalculateField "Centro de Desarrollo Comunitario" Adm_Zonal "MANUELA SAENZ" VB #</Process><Process ToolSource="c:\program files (x86)\arcgis\desktop10.1\ArcToolbox\Toolboxes\Data Management Tools.tbx\CalculateField" Date="20150527" Time="123917">CalculateField PDI_DMQ Direccion UCase( [Direccion] ) VB #</Process><Process ToolSource="c:\program files (x86)\arcgis\desktop10.1\ArcToolbox\Toolboxes\Data Management Tools.tbx\CalculateField" Date="20150701" Time="090416">CalculateField PDI_DMQ Nombre "PARQUE CENTRAL DE YARUQUI" VB #</Process><Process ToolSource="c:\program files (x86)\arcgis\desktop10.1\ArcToolbox\Toolboxes\Data Management Tools.tbx\CalculateField" Date="20150810" Time="124526">CalculateField PDI_DMQ Descripcio "PARQUES Y RECREACION" VB #</Process><Process ToolSource="c:\program files (x86)\arcgis\desktop10.1\ArcToolbox\Toolboxes\Data Management Tools.tbx\CalculateField" Date="20150810" Time="124716">CalculateField PDI_DMQ Descripcio "PARQUES Y PLAZAS" VB #</Process><Process ToolSource="c:\program files (x86)\arcgis\desktop10.1\ArcToolbox\Toolboxes\Data Management Tools.tbx\CalculateField" Date="20150810" Time="125413">CalculateField PDI_DMQ Descripcio "PLAZAS" VB #</Process><Process ToolSource="c:\program files (x86)\arcgis\desktop10.1\ArcToolbox\Toolboxes\Data Management Tools.tbx\CalculateField" Date="20150810" Time="125435">CalculateField PDI_DMQ Nombre "PLAZA MARIANITAS" VB #</Process><Process ToolSource="c:\program files (x86)\arcgis\desktop10.1\ArcToolbox\Toolboxes\Data Management Tools.tbx\CalculateField" Date="20150818" Time="163202">CalculateField PDI_DMQ Descripcio "COMERCIAL" VB #</Process><Process ToolSource="c:\program files (x86)\arcgis\desktop10.1\ArcToolbox\Toolboxes\Data Management Tools.tbx\CalculateField" Date="20150818" Time="163216">CalculateField PDI_DMQ Descripcio "MERCADOS" VB #</Process><Process ToolSource="c:\program files (x86)\arcgis\desktop10.1\ArcToolbox\Toolboxes\Data Management Tools.tbx\CalculateField" Date="20150818" Time="163243">CalculateField PDI_DMQ Descripcio "COMERCIAL" VB #</Process><Process ToolSource="c:\program files (x86)\arcgis\desktop10.1\ArcToolbox\Toolboxes\Data Management Tools.tbx\CalculateField" Date="20150818" Time="163314">CalculateField PDI_DMQ Descripcio "COMERCIAL" VB #</Process><Process ToolSource="c:\program files (x86)\arcgis\desktop10.1\ArcToolbox\Toolboxes\Data Management Tools.tbx\CalculateField" Date="20150818" Time="163340">CalculateField PDI_DMQ Descripcio "COMERCIAL" VB #</Process><Process ToolSource="c:\program files (x86)\arcgis\desktop10.2\ArcToolbox\Toolboxes\Data Management Tools.tbx\CalculateField" Date="20150928" Time="120951">CalculateField PDI_DMQ Nombre "CNT AMAZONAS" VB #</Process><Process ToolSource="c:\program files (x86)\arcgis\desktop10.2\ArcToolbox\Toolboxes\Data Management Tools.tbx\CalculateField" Date="20150928" Time="121043">CalculateField PDI_DMQ Nombre "CNT POMASQUI" VB #</Process><Process ToolSource="c:\program files (x86)\arcgis\desktop10.2\ArcToolbox\Toolboxes\Data Management Tools.tbx\CalculateField" Date="20150928" Time="121058">CalculateField PDI_DMQ Nombre "CNT CALACALI" VB #</Process><Process ToolSource="c:\program files (x86)\arcgis\desktop10.2\ArcToolbox\Toolboxes\Data Management Tools.tbx\CalculateField" Date="20151020" Time="145251">CalculateField PDI_DMQ Descripcio "COMERCIALES" VB #</Process><Process ToolSource="c:\program files (x86)\arcgis\desktop10.2\ArcToolbox\Toolboxes\Data Management Tools.tbx\CalculateField" Date="20151020" Time="145421">CalculateField PDI_DMQ Descripcio "INDUSTRIA" VB #</Process><Process ToolSource="c:\program files (x86)\arcgis\desktop10.1\ArcToolbox\Toolboxes\Data Management Tools.tbx\CalculateField" Date="20160310" Time="164328">CalculateField Puntos_Hidrolavado_sur Adm_Zonal "ELOY ALFARO" VB #</Process><Process ToolSource="c:\program files (x86)\arcgis\desktop10.3\ArcToolbox\Toolboxes\Data Management Tools.tbx\CalculateField" Date="20170706" Time="103414">CalculateField PUNTOS_HIDROLOVADO_2017 HORARIO "DIURNO" VB #</Process><Process ToolSource="c:\program files (x86)\arcgis\desktop10.3\ArcToolbox\Toolboxes\Data Management Tools.tbx\CalculateField" Date="20170706" Time="103516">CalculateField PUNTOS_HIDROLOVADO_2017 FRECUENCIA "LUNES-MIERCOLES-VIERNES" VB #</Process><Process ToolSource="c:\program files (x86)\arcgis\desktop10.3\ArcToolbox\Toolboxes\Data Management Tools.tbx\CalculateField" Date="20170706" Time="103545">CalculateField PUNTOS_HIDROLOVADO_2017 FRECUENCIA "MARTES-JUEVES-SABADO" VB #</Process><Process ToolSource="c:\program files (x86)\arcgis\desktop10.3\ArcToolbox\Toolboxes\Data Management Tools.tbx\CalculateField" Date="20170706" Time="113735">CalculateField PUNTOS_HIDROLOVADO_2017 FRECUENCIA "L-I-V" VB #</Process><Process ToolSource="c:\program files (x86)\arcgis\desktop10.3\ArcToolbox\Toolboxes\Data Management Tools.tbx\CalculateField" Date="20170706" Time="113950">CalculateField PUNTOS_HIDROLOVADO_2017 Adm_Zonal "TUMBACO" VB #</Process><Process ToolSource="c:\program files (x86)\arcgis\desktop10.3\ArcToolbox\Toolboxes\Data Management Tools.tbx\CalculateField" Date="20170706" Time="114014">CalculateField PUNTOS_HIDROLOVADO_2017 Adm_Zonal "EUGENIO ESPEJO" VB #</Process><Process ToolSource="c:\program files (x86)\arcgis\desktop10.3\ArcToolbox\Toolboxes\Data Management Tools.tbx\CalculateField" Date="20170706" Time="114028">CalculateField PUNTOS_HIDROLOVADO_2017 Adm_Zonal "LA DELICIA" VB #</Process><Process ToolSource="c:\program files (x86)\arcgis\desktop10.3\ArcToolbox\Toolboxes\Data Management Tools.tbx\CalculateField" Date="20170706" Time="114042">CalculateField PUNTOS_HIDROLOVADO_2017 Adm_Zonal "CALDERON" VB #</Process><Process ToolSource="c:\program files (x86)\arcgis\desktop10.3\ArcToolbox\Toolboxes\Data Management Tools.tbx\CalculateField" Date="20170706" Time="114118">CalculateField PUNTOS_HIDROLOVADO_2017 FRECUENCIA "L-I-V" VB #</Process><Process ToolSource="c:\program files (x86)\arcgis\desktop10.3\ArcToolbox\Toolboxes\Data Management Tools.tbx\CalculateField" Date="20170706" Time="114138">CalculateField PUNTOS_HIDROLOVADO_2017 FRECUENCIA "M-J-S" VB #</Process><Process ToolSource="c:\program files (x86)\arcgis\desktop10.3\ArcToolbox\Toolboxes\Data Management Tools.tbx\CalculateField" Date="20170706" Time="114203">CalculateField PUNTOS_HIDROLOVADO_2017 FRECUENCIA "M-J-S" VB #</Process><Process ToolSource="c:\program files (x86)\arcgis\desktop10.3\ArcToolbox\Toolboxes\Data Management Tools.tbx\CalculateField" Date="20170706" Time="114356">CalculateField PUNTOS_HIDROLOVADO_2017 Nombre UCase( [Nombre] ) VB #</Process><Process ToolSource="c:\program files (x86)\arcgis\desktop10.3\ArcToolbox\Toolboxes\Data Management Tools.tbx\CalculateField" Date="20170706" Time="161822">CalculateField PUNTOS_HIDROLOVADO_2017 Adm_Zonal "MANUELA SAENZ" VB #</Process><Process ToolSource="c:\program files (x86)\arcgis\desktop10.3\ArcToolbox\Toolboxes\Data Management Tools.tbx\CalculateField" Date="20170706" Time="161925">CalculateField PUNTOS_HIDROLOVADO_2017 Adm_Zonal "LOS CHILLOS" VB #</Process><Process ToolSource="c:\program files (x86)\arcgis\desktop10.1\ArcToolbox\Toolboxes\Data Management Tools.tbx\Project" Date="20170728" Time="084548">Project PUNTOS_HIDROLOVADO_2017 "C:\A. Jarrin Silva\GIS\TERRITORIO\EMASEO\Geoportal_shp\Puntos_hidrolavado_2017.shp" PROJCS['WGS84TMQ',GEOGCS['GCS_WGS_1984',DATUM['D_WGS_1984',SPHEROID['WGS_1984',6378137.0,298.257223563]],PRIMEM['Greenwich',0.0],UNIT['Degree',0.0174532925199433]],PROJECTION['Transverse_Mercator_Complex'],PARAMETER['False_Easting',500000.0],PARAMETER['False_Northing',10000000.0],PARAMETER['Central_Meridian',-78.5],PARAMETER['Scale_Factor',1.0004584],PARAMETER['Latitude_Of_Origin',0.0],UNIT['Meter',1.0]] # GEOGCS['GCS_WGS_1984',DATUM['D_WGS_1984',SPHEROID['WGS_1984',6378137.0,298.257223563]],PRIMEM['Greenwich',0.0],UNIT['Degree',0.0174532925199433]]</Process></lineage><itemProps><itemLocation><linkage Sync="TRUE">file://\\PC80SECRE13\C$\Geoportal\Puntos_hidrolavado_2017</linkage><protocol Sync="TRUE">Local Area Network</protocol></itemLocation></itemProps><copyHistory><copy source="C:\A. Jarrin Silva\GIS\TERRITORIO\EMASEO\Geoportal_shp\Puntos_hidrolavado_2017" dest="\\PC80SECRE13\C$\Geoportal\Puntos_hidrolavado_2017" date="20170728" time="08481100"></copy></copyHistory></DataProperties><ArcGISFormat>1.0</ArcGISFormat></Esri><idinfo><native Sync="TRUE">Microsoft Windows Vista Version 6.1 (Build 7601) Service Pack 1; ESRI ArcCatalog 9.3.1.3500</native><descript><langdata Sync="TRUE">es</langdata><abstract>REQUIRED: A brief narrative summary of the data set.</abstract><purpose>REQUIRED: A summary of the intentions with which the data set was developed.</purpose></descript><citation><citeinfo><origin>REQUIRED: The name of an organization or individual that developed the data set.</origin><pubdate>REQUIRED: The date when the data set is published or otherwise made available for release.</pubdate><title Sync="TRUE">POI</title><ftname Sync="TRUE">POI</ftname><geoform Sync="TRUE">vector digital data</geoform><onlink Sync="TRUE"></onlink></citeinfo></citation><timeperd><current>REQUIRED: The basis on which the time period of content information is determined.</current><timeinfo><sngdate><caldate>REQUIRED: The year (and optionally month, or month and day) for which the data set corresponds to the ground.</caldate></sngdate></timeinfo></timeperd><status><progress>REQUIRED: The state of the data set.</progress><update>REQUIRED: The frequency with which changes and additions are made to the data set after the initial data set is completed.</update></status><spdom><bounding><westbc Sync="TRUE">REQUIRED: Western-most coordinate of the limit of coverage expressed in longitude.</westbc><eastbc Sync="TRUE">REQUIRED: Eastern-most coordinate of the limit of coverage expressed in longitude.</eastbc><northbc Sync="TRUE">REQUIRED: Northern-most coordinate of the limit of coverage expressed in latitude.</northbc><southbc Sync="TRUE">REQUIRED: Southern-most coordinate of the limit of coverage expressed in latitude.</southbc></bounding></spdom><keywords><theme><themekt>REQUIRED: Reference to a formally registered thesaurus or a similar authoritative source of theme keywords.</themekt><themekey>REQUIRED: Common-use word or phrase used to describe the subject of the data set.</themekey></theme></keywords><accconst>REQUIRED: Restrictions and legal prerequisites for accessing the data set.</accconst><useconst>REQUIRED: Restrictions and legal prerequisites for using the data set after access is granted.</useconst><natvform Sync="TRUE">File Geodatabase Feature Class</natvform></idinfo><dataIdInfo><envirDesc Sync="TRUE">Microsoft Windows Vista Version 6.1 (Build 7601) Service Pack 1; ESRI ArcCatalog 9.3.1.3500</envirDesc><dataLang><languageCode Sync="TRUE" value="es"></languageCode></dataLang><idCitation><resTitle Sync="TRUE">POI</resTitle></idCitation></dataIdInfo><metainfo><langmeta Sync="TRUE">es</langmeta><metstdn Sync="TRUE">FGDC Content Standards for Digital Geospatial Metadata</metstdn><metstdv Sync="TRUE">FGDC-STD-001-1998</metstdv><mettc Sync="TRUE">local time</mettc><metextns><onlink Sync="TRUE">http://www.esri.com/metadata/esriprof80.html</onlink><metprof Sync="TRUE">ESRI Metadata Profile</metprof></metextns><metc><cntinfo><cntorgp><cntper>REQUIRED: The person responsible for the metadata information.</cntper><cntorg>REQUIRED: The organization responsible for the metadata information.</cntorg></cntorgp><cntaddr><addrtype>REQUIRED: The mailing and/or physical address for the organization or individual.</addrtype><city>REQUIRED: The city of the address.</city><state>REQUIRED: The state or province of the address.</state><postal>REQUIRED: The ZIP or other postal code of the address.</postal></cntaddr><cntvoice>REQUIRED: The telephone number by which individuals can speak to the organization or individual.</cntvoice></cntinfo></metc><metd Sync="TRUE">20120522</metd></metainfo><mdLang><languageCode Sync="TRUE" value="es"></languageCode></mdLang><mdStanName Sync="TRUE">ISO 19115 Geographic Information - Metadata</mdStanName><mdStanVer Sync="TRUE">DIS_ESRI1.0</mdStanVer><mdChar><CharSetCd Sync="TRUE" value="004"></CharSetCd></mdChar><mdHrLv><ScopeCd Sync="TRUE" value="005"></ScopeCd></mdHrLv><mdHrLvName Sync="TRUE">dataset</mdHrLvName><distinfo><resdesc Sync="TRUE">Downloadable Data</resdesc></distinfo><distInfo><distributor><distorTran><onLineSrc><orDesc Sync="TRUE">002</orDesc><linkage Sync="TRUE">file://</linkage><protocol Sync="TRUE">Local Area Network</protocol></onLineSrc></distorTran><distorFormat><formatName Sync="TRUE">File Geodatabase Feature Class</formatName></distorFormat></distributor></distInfo><spdoinfo><direct Sync="TRUE">Vector</direct><ptvctinf><esriterm Name="POI"><efeatyp Sync="TRUE">Simple</efeatyp><efeageom Sync="TRUE">Point</efeageom><esritopo Sync="TRUE">FALSE</esritopo><efeacnt Sync="TRUE">0</efeacnt><spindex Sync="TRUE">TRUE</spindex><linrefer Sync="TRUE">FALSE</linrefer></esriterm><sdtsterm Name="POI"><sdtstype Sync="TRUE">Entity point</sdtstype><ptvctcnt Sync="TRUE">0</ptvctcnt></sdtsterm></ptvctinf></spdoinfo><spref><horizsys><cordsysn><geogcsn Sync="TRUE">GCS_WGS_1984</geogcsn></cordsysn><geograph><geogunit Sync="TRUE">Decimal degrees</geogunit><latres Sync="TRUE">0.000000</latres><longres Sync="TRUE">0.000000</longres></geograph><geodetic><horizdn Sync="TRUE">D_WGS_1984</horizdn><ellips Sync="TRUE">WGS_1984</ellips><semiaxis Sync="TRUE">6378137.000000</semiaxis><denflat Sync="TRUE">298.257224</denflat></geodetic></horizsys><vertdef><altsys><altenc Sync="TRUE">Explicit elevation coordinate included with horizontal coordinates</altenc><altres Sync="TRUE">0.000010</altres></altsys></vertdef></spref><refSysInfo><RefSystem><refSysID><identCode Sync="TRUE">GCS_WGS_1984</identCode></refSysID></RefSystem></refSysInfo><spatRepInfo><VectSpatRep><topLvl><TopoLevCd Sync="TRUE" value="001"></TopoLevCd></topLvl><geometObjs Name="POI"><geoObjTyp><GeoObjTypCd Sync="TRUE" value="004"></GeoObjTypCd></geoObjTyp><geoObjCnt Sync="TRUE">0</geoObjCnt></geometObjs></VectSpatRep></spatRepInfo><eainfo><detailed Name="POI"><enttyp><enttypl Sync="TRUE">POI</enttypl><enttypt Sync="TRUE">Feature Class</enttypt><enttypc Sync="TRUE">0</enttypc></enttyp><attr><attrlabl Sync="TRUE">OBJECTID</attrlabl><attalias Sync="TRUE">OBJECTID</attalias><attrtype Sync="TRUE">OID</attrtype><attwidth Sync="TRUE">4</attwidth><atprecis Sync="TRUE">0</atprecis><attscale Sync="TRUE">0</attscale><attrdef Sync="TRUE">Internal feature number.</attrdef><attrdefs Sync="TRUE">ESRI</attrdefs><attrdomv><udom Sync="TRUE">Sequential unique whole numbers that are automatically generated.</udom></attrdomv></attr><attr><attrlabl Sync="TRUE">Shape</attrlabl><attalias Sync="TRUE">Shape</attalias><attrtype Sync="TRUE">Geometry</attrtype><attwidth Sync="TRUE">0</attwidth><atprecis Sync="TRUE">0</atprecis><attscale Sync="TRUE">0</attscale><attrdef Sync="TRUE">Feature geometry.</attrdef><attrdefs Sync="TRUE">ESRI</attrdefs><attrdomv><udom Sync="TRUE">Coordinates defining the features.</udom></attrdomv></attr><attr><attrlabl Sync="TRUE">NAME</attrlabl><attalias Sync="TRUE">NAME</attalias><attrtype Sync="TRUE">String</attrtype><attwidth Sync="TRUE">100</attwidth><atprecis Sync="TRUE">0</atprecis><attscale Sync="TRUE">0</attscale></attr><attr><attrlabl Sync="TRUE">CODE</attrlabl><attalias Sync="TRUE">CODE</attalias><attrtype Sync="TRUE">Double</attrtype><attwidth Sync="TRUE">8</attwidth><atprecis Sync="TRUE">0</atprecis><attscale Sync="TRUE">0</attscale></attr><attr><attrlabl Sync="TRUE">PHONE</attrlabl><attalias Sync="TRUE">PHONE</attalias><attrtype Sync="TRUE">String</attrtype><attwidth Sync="TRUE">100</attwidth><atprecis Sync="TRUE">0</atprecis><attscale Sync="TRUE">0</attscale></attr><attr><attrlabl Sync="TRUE">ADDRESS</attrlabl><attalias Sync="TRUE">ADDRESS</attalias><attrtype Sync="TRUE">String</attrtype><attwidth Sync="TRUE">100</attwidth><atprecis Sync="TRUE">0</atprecis><attscale Sync="TRUE">0</attscale></attr><attr><attrlabl Sync="TRUE">CITY</attrlabl><attalias Sync="TRUE">CITY</attalias><attrtype Sync="TRUE">String</attrtype><attwidth Sync="TRUE">30</attwidth><atprecis Sync="TRUE">0</atprecis><attscale Sync="TRUE">0</attscale></attr><attr><attrlabl Sync="TRUE">TIME</attrlabl><attalias Sync="TRUE">TIME</attalias><attrtype Sync="TRUE">String</attrtype><attwidth Sync="TRUE">250</attwidth><atprecis Sync="TRUE">0</atprecis><attscale Sync="TRUE">0</attscale></attr><attr><attrlabl Sync="TRUE">UPDATE_</attrlabl><attalias Sync="TRUE">UPDATE_</attalias><attrtype Sync="TRUE">SmallInteger</attrtype><attwidth Sync="TRUE">2</attwidth><atprecis Sync="TRUE">0</atprecis><attscale Sync="TRUE">0</attscale></attr><attr><attrlabl Sync="TRUE">DATE_UPDAT</attrlabl><attalias Sync="TRUE">DATE_UPDAT</attalias><attrtype Sync="TRUE">Date</attrtype><attwidth Sync="TRUE">8</attwidth><atprecis Sync="TRUE">0</atprecis><attscale Sync="TRUE">0</attscale></attr><attr><attrlabl Sync="TRUE">DESCR_COD</attrlabl><attalias Sync="TRUE">DESCR_COD</attalias><attrtype Sync="TRUE">String</attrtype><attwidth Sync="TRUE">100</attwidth><atprecis Sync="TRUE">0</atprecis><attscale Sync="TRUE">0</attscale></attr><attr><attrlabl Sync="TRUE">PROVINCE</attrlabl><attalias Sync="TRUE">PROVINCE</attalias><attrtype Sync="TRUE">String</attrtype><attwidth Sync="TRUE">100</attwidth><atprecis Sync="TRUE">0</atprecis><attscale Sync="TRUE">0</attscale></attr><attr><attrlabl Sync="TRUE">X_COORD</attrlabl><attalias Sync="TRUE">X_COORD</attalias><attrtype Sync="TRUE">Double</attrtype><attwidth Sync="TRUE">8</attwidth><atprecis Sync="TRUE">0</atprecis><attscale Sync="TRUE">0</attscale></attr><attr><attrlabl Sync="TRUE">Y_COORD</attrlabl><attalias Sync="TRUE">Y_COORD</attalias><attrtype Sync="TRUE">Double</attrtype><attwidth Sync="TRUE">8</attwidth><atprecis Sync="TRUE">0</atprecis><attscale Sync="TRUE">0</attscale></attr><attr><attrlabl Sync="TRUE">X</attrlabl><attalias Sync="TRUE">X</attalias><attrtype Sync="TRUE">Integer</attrtype><attwidth Sync="TRUE">4</attwidth><atprecis Sync="TRUE">0</atprecis><attscale Sync="TRUE">0</attscale></attr><attr><attrlabl Sync="TRUE">Y</attrlabl><attalias Sync="TRUE">Y</attalias><attrtype Sync="TRUE">Integer</attrtype><attwidth Sync="TRUE">4</attwidth><atprecis Sync="TRUE">0</atprecis><attscale Sync="TRUE">0</attscale></attr></detailed></eainfo><mdDateSt Sync="TRUE">20120522</mdDateSt><dataqual><lineage><procstep><procdesc Sync="TRUE">Dataset copied.</procdesc><srcused Sync="TRUE">\\PC5176\J$\dsaenz\ECUADORNET 8.1\ECUADOR_NETWORK.gdb</srcused><procdate Sync="TRUE">20120706</procdate><proctime Sync="TRUE">12281700</proctime></procstep></lineage></dataqual></metadata>
