<?xml version="1.0" encoding="UTF-8"?>
<metadata xml:lang="es"><Esri><CreaDate>20170707</CreaDate><CreaTime>11170500</CreaTime><ArcGISFormat>1.0</ArcGISFormat><ArcGISstyle>XTools Pro Metadata</ArcGISstyle><SyncOnce>FALSE</SyncOnce><DataProperties><lineage><Process ToolSource="c:\program files (x86)\arcgis\desktop10.1\ArcToolbox\Toolboxes\Data Management Tools.tbx\CalculateField" Date="20151017" Time="081752">CalculateField GEOCERCAS_2016 OP_ACTUAL "OCCIDENTAL" VB #</Process><Process ToolSource="c:\program files (x86)\arcgis\desktop10.1\ArcToolbox\Toolboxes\Data Management Tools.tbx\CalculateField" Date="20151017" Time="081836">CalculateField GEOCERCAS_2016 OP_ACTUAL "FORESTAL" VB #</Process><Process ToolSource="c:\program files (x86)\arcgis\desktop10.1\ArcToolbox\Toolboxes\Data Management Tools.tbx\CalculateField" Date="20151017" Time="082122">CalculateField GEOCERCAS_2016 OP_ACTUAL "OCCIDENTAL" VB #</Process><Process ToolSource="c:\program files (x86)\arcgis\desktop10.1\ArcToolbox\Toolboxes\Data Management Tools.tbx\CalculateField" Date="20151017" Time="082212">CalculateField GEOCERCAS_2016 OP_ACTUAL "OCCIDENTAL" VB #</Process><Process ToolSource="c:\program files (x86)\arcgis\desktop10.1\ArcToolbox\Toolboxes\Data Management Tools.tbx\CalculateField" Date="20151017" Time="082239">CalculateField GEOCERCAS_2016 OP_ACTUAL "FORESTAL" VB #</Process><Process ToolSource="c:\program files (x86)\arcgis\desktop10.1\ArcToolbox\Toolboxes\Data Management Tools.tbx\CalculateField" Date="20151017" Time="082307">CalculateField GEOCERCAS_2016 OP_ACTUAL "FORESTAL" VB #</Process><Process ToolSource="c:\program files (x86)\arcgis\desktop10.1\ArcToolbox\Toolboxes\Data Management Tools.tbx\CalculateField" Date="20151017" Time="082329">CalculateField GEOCERCAS_2016 OP_ACTUAL "FORESTAL" VB #</Process><Process ToolSource="c:\program files (x86)\arcgis\desktop10.1\ArcToolbox\Toolboxes\Data Management Tools.tbx\CalculateField" Date="20151017" Time="084144">CalculateField GEOCERCAS_2016 OP_ACTUAL "FORESTAL" VB #</Process><Process ToolSource="c:\program files (x86)\arcgis\desktop10.1\ArcToolbox\Toolboxes\Data Management Tools.tbx\CalculateField" Date="20151017" Time="084221">CalculateField GEOCERCAS_2016 OP_ACTUAL "FORESTAL" VB #</Process><Process ToolSource="c:\program files (x86)\arcgis\desktop10.1\ArcToolbox\Toolboxes\Data Management Tools.tbx\CalculateField" Date="20151017" Time="084926">CalculateField GEOCERCAS_2016 OP_ACTUAL "OCCIDENTAL" VB #</Process><Process ToolSource="c:\program files (x86)\arcgis\desktop10.1\ArcToolbox\Toolboxes\Data Management Tools.tbx\CalculateField" Date="20160309" Time="100541">CalculateField GEOCERCAS_MARZO_2016 ADM_ZONAL "EUGENIO ESPEJO" VB #</Process><Process ToolSource="c:\program files\arcgis\desktop10.1\ArcToolbox\Toolboxes\Data Management Tools.tbx\CalculateField" Date="20160809" Time="091118">CalculateField GEOCERCAS_MARZO_2016 SERVICIO "MECANIZADO" VB #</Process><Process ToolSource="c:\program files\arcgis\desktop10.1\ArcToolbox\Toolboxes\Data Management Tools.tbx\CalculateField" Date="20160809" Time="092455">CalculateField GEOCERCAS_MARZO_2016 SERVICIO "MECANIZADO" VB #</Process><Process ToolSource="c:\program files (x86)\arcgis\desktop10.3\ArcToolbox\Toolboxes\Data Management Tools.tbx\CalculateField" Date="20161209" Time="184656">CalculateField "Rutas Recolección" COD_RUTA1 [COD_RUTA] VB #</Process><Process ToolSource="c:\program files (x86)\arcgis\desktop10.3\ArcToolbox\Toolboxes\Data Management Tools.tbx\CalculateField" Date="20161209" Time="185752">CalculateField "Rutas Recolección" HORARIO "DIURNO" VB #</Process><Process ToolSource="c:\program files (x86)\arcgis\desktop10.3\ArcToolbox\Toolboxes\Data Management Tools.tbx\CalculateField" Date="20161209" Time="185809">CalculateField "Rutas Recolección" HORARIO "NOCTURNO" VB #</Process><Process ToolSource="c:\program files (x86)\arcgis\desktop10.3\ArcToolbox\Toolboxes\Data Management Tools.tbx\CalculateField" Date="20161209" Time="185825">CalculateField "Rutas Recolección" HORARIO "VESPERTINO" VB #</Process><Process ToolSource="c:\program files (x86)\arcgis\desktop10.3\ArcToolbox\Toolboxes\Data Management Tools.tbx\CalculateField" Date="20161212" Time="103714">CalculateField "Rutas Recolección" SUBDIVISIO "A1" VB #</Process><Process ToolSource="c:\program files (x86)\arcgis\desktop10.3\ArcToolbox\Toolboxes\Data Management Tools.tbx\CalculateField" Date="20161212" Time="103946">CalculateField "Rutas Recolección" SUBDIVISIO "A2" VB #</Process><Process ToolSource="c:\program files (x86)\arcgis\desktop10.3\ArcToolbox\Toolboxes\Data Management Tools.tbx\CalculateField" Date="20161212" Time="104045">CalculateField "Rutas Recolección" SUBDIVISIO "B2" VB #</Process><Process ToolSource="c:\program files (x86)\arcgis\desktop10.3\ArcToolbox\Toolboxes\Data Management Tools.tbx\CalculateField" Date="20161212" Time="104129">CalculateField "Rutas Recolección" SUBDIVISIO "B1" VB #</Process><Process ToolSource="c:\program files (x86)\arcgis\desktop10.3\ArcToolbox\Toolboxes\Data Management Tools.tbx\CalculateField" Date="20161212" Time="104212">CalculateField "Rutas Recolección" SUBDIVISIO "C1" VB #</Process><Process ToolSource="c:\program files (x86)\arcgis\desktop10.3\ArcToolbox\Toolboxes\Data Management Tools.tbx\CalculateField" Date="20161212" Time="104309">CalculateField "Rutas Recolección" SUBDIVISIO "C2" VB #</Process><Process ToolSource="c:\program files (x86)\arcgis\desktop10.3\ArcToolbox\Toolboxes\Data Management Tools.tbx\CalculateField" Date="20161212" Time="104424">CalculateField "Rutas Recolección" SUBDIVISIO "D1" VB #</Process><Process ToolSource="c:\program files (x86)\arcgis\desktop10.3\ArcToolbox\Toolboxes\Data Management Tools.tbx\CalculateField" Date="20161212" Time="104612">CalculateField "Rutas Recolección" SUBDIVISIO "D2" VB #</Process><Process ToolSource="c:\program files (x86)\arcgis\desktop10.3\ArcToolbox\Toolboxes\Data Management Tools.tbx\CalculateField" Date="20161214" Time="164432">CalculateField "Rutas Recolección" SUBDIVISIO 1 VB #</Process><Process ToolSource="c:\program files (x86)\arcgis\desktop10.3\ArcToolbox\Toolboxes\Data Management Tools.tbx\CalculateField" Date="20161214" Time="164449">CalculateField "Rutas Recolección" SUBDIVISIO "B1" VB #</Process><Process ToolSource="c:\program files (x86)\arcgis\desktop10.3\ArcToolbox\Toolboxes\Data Management Tools.tbx\CalculateField" Date="20161214" Time="164524">CalculateField "Rutas Recolección" SUBDIVISIO "B2" VB #</Process><Process ToolSource="c:\program files (x86)\arcgis\desktop10.3\ArcToolbox\Toolboxes\Data Management Tools.tbx\CalculateField" Date="20161214" Time="164544">CalculateField "Rutas Recolección" SUBDIVISIO 1 VB #</Process><Process ToolSource="c:\program files (x86)\arcgis\desktop10.3\ArcToolbox\Toolboxes\Data Management Tools.tbx\CalculateField" Date="20161214" Time="164602">CalculateField "Rutas Recolección" SUBDIVISIO "D1" VB #</Process><Process ToolSource="c:\program files (x86)\arcgis\desktop10.3\ArcToolbox\Toolboxes\Data Management Tools.tbx\CalculateField" Date="20161214" Time="164630">CalculateField "Rutas Recolección" SUBDIVISIO "D2" VB #</Process><Process ToolSource="c:\program files (x86)\arcgis\desktop10.3\ArcToolbox\Toolboxes\Data Management Tools.tbx\CalculateField" Date="20161220" Time="111830">CalculateField "Rutas Recolección" SUBDIVISIO "B1" VB #</Process><Process ToolSource="c:\program files (x86)\arcgis\desktop10.3\ArcToolbox\Toolboxes\Data Management Tools.tbx\CalculateField" Date="20161221" Time="092124">CalculateField "Rutas Recolección" SUBDIVISIO "A2" VB #</Process><Process ToolSource="c:\program files (x86)\arcgis\desktop10.3\ArcToolbox\Toolboxes\Data Management Tools.tbx\CalculateField" Date="20161221" Time="092242">CalculateField "Rutas Recolección" SUBDIVISIO "D1" VB #</Process><Process ToolSource="c:\program files (x86)\arcgis\desktop10.3\ArcToolbox\Toolboxes\Data Management Tools.tbx\CalculateField" Date="20161221" Time="092505">CalculateField "Rutas Recolección" VEHICULO_Z "44-14" VB #</Process><Process ToolSource="c:\program files (x86)\arcgis\desktop10.3\ArcToolbox\Toolboxes\Data Management Tools.tbx\CalculateField" Date="20161221" Time="092856">CalculateField "Rutas Recolección" SUBDIVISIO "B1" VB #</Process><Process ToolSource="c:\program files (x86)\arcgis\desktop10.3\ArcToolbox\Toolboxes\Data Management Tools.tbx\CalculateField" Date="20161221" Time="093010">CalculateField "Rutas Recolección" HORARIO_CA "VESPERTINO" VB #</Process><Process ToolSource="c:\program files (x86)\arcgis\desktop10.3\ArcToolbox\Toolboxes\Data Management Tools.tbx\CalculateField" Date="20161221" Time="093022">CalculateField "Rutas Recolección" VEHICULO_Z "44-09" VB #</Process><Process ToolSource="c:\program files (x86)\arcgis\desktop10.3\ArcToolbox\Toolboxes\Data Management Tools.tbx\CalculateField" Date="20161221" Time="093120">CalculateField "Rutas Recolección" HORARIO_CA "DIURNO" VB #</Process><Process ToolSource="c:\program files (x86)\arcgis\desktop10.3\ArcToolbox\Toolboxes\Data Management Tools.tbx\CalculateField" Date="20161221" Time="093136">CalculateField "Rutas Recolección" VEHICULO_Z "44-16" VB #</Process><Process ToolSource="c:\program files (x86)\arcgis\desktop10.3\ArcToolbox\Toolboxes\Data Management Tools.tbx\CalculateField" Date="20161221" Time="094554">CalculateField GEOCERCAS_DICIEMBRE_2016 HORARIO_CA [HORARIO] VB #</Process><Process ToolSource="c:\program files (x86)\arcgis\desktop10.3\ArcToolbox\Toolboxes\Data Management Tools.tbx\CalculateField" Date="20161222" Time="151703">CalculateField "Rutas Recolección" peso_d_pro Round( [peso_d_pro],2) VB #</Process><Process ToolSource="c:\program files (x86)\arcgis\desktop10.3\ArcToolbox\Toolboxes\Data Management Tools.tbx\CalculateField" Date="20161222" Time="154002">CalculateField "Rutas Recolección" peso_d_pro Round( [peso_d_pro],2) VB #</Process><Process ToolSource="c:\program files (x86)\arcgis\desktop10.3\ArcToolbox\Toolboxes\Data Management Tools.tbx\CalculateField" Date="20161222" Time="161548">CalculateField "Rutas Recolección" SERVICIO "MECANIZADO" VB #</Process><Process ToolSource="c:\program files (x86)\arcgis\desktop10.3\ArcToolbox\Toolboxes\Data Management Tools.tbx\CalculateField" Date="20161229" Time="105707">CalculateField "Rutas Recolección" PESO_PRO_D [peso_d_pro] VB #</Process><Process ToolSource="c:\program files (x86)\arcgis\desktop10.3\ArcToolbox\Toolboxes\Data Management Tools.tbx\CalculateField" Date="20170104" Time="120451">CalculateField "Rutas Recolección" HORARIO "DIURNO" VB #</Process><Process ToolSource="c:\program files (x86)\arcgis\desktop10.3\ArcToolbox\Toolboxes\Data Management Tools.tbx\CalculateField" Date="20170104" Time="120548">CalculateField "Rutas Recolección" HORARIO "NOCTURNO" VB #</Process><Process ToolSource="c:\program files (x86)\arcgis\desktop10.3\ArcToolbox\Toolboxes\Data Management Tools.tbx\CalculateField" Date="20170104" Time="120615">CalculateField "Rutas Recolección" HORARIO "VESPERTINO" VB #</Process><Process ToolSource="c:\program files (x86)\arcgis\desktop10.3\ArcToolbox\Toolboxes\Data Management Tools.tbx\CalculateField" Date="20170113" Time="110339">CalculateField GEOCERCAS_DICIEMBRE_2016 SUBDIVISIO "B3" VB #</Process><Process ToolSource="c:\program files (x86)\arcgis\desktop10.3\ArcToolbox\Toolboxes\Data Management Tools.tbx\CalculateField" Date="20170113" Time="110358">CalculateField GEOCERCAS_DICIEMBRE_2016 SUBDIVISIO "C3" VB #</Process><Process ToolSource="c:\program files (x86)\arcgis\desktop10.3\ArcToolbox\Toolboxes\Data Management Tools.tbx\CalculateField" Date="20170113" Time="110417">CalculateField GEOCERCAS_DICIEMBRE_2016 SUBDIVISIO "C2" VB #</Process><Process ToolSource="c:\program files (x86)\arcgis\desktop10.3\ArcToolbox\Toolboxes\Data Management Tools.tbx\CalculateField" Date="20170113" Time="110435">CalculateField GEOCERCAS_DICIEMBRE_2016 SUBDIVISIO "C1" VB #</Process><Process ToolSource="c:\program files (x86)\arcgis\desktop10.3\ArcToolbox\Toolboxes\Data Management Tools.tbx\CalculateField" Date="20170113" Time="125910">CalculateField GEOCERCAS_DICIEMBRE_2016 HORARIO "DIURNO" VB #</Process><Process ToolSource="c:\program files (x86)\arcgis\desktop10.3\ArcToolbox\Toolboxes\Data Management Tools.tbx\CalculateField" Date="20170118" Time="090644">CalculateField "Rutas Recolección" SUBDIVISIO "B2" VB #</Process><Process ToolSource="c:\program files (x86)\arcgis\desktop10.3\ArcToolbox\Toolboxes\Data Management Tools.tbx\CalculateField" Date="20170119" Time="090046">CalculateField GEOCERCAS_DICIEMBRE_2016 SUBDIVISIO "D1" VB #</Process><Process ToolSource="c:\program files (x86)\arcgis\desktop10.3\ArcToolbox\Toolboxes\Data Management Tools.tbx\CalculateField" Date="20170119" Time="090111">CalculateField GEOCERCAS_DICIEMBRE_2016 SUBDIVISIO "D2" VB #</Process><Process ToolSource="c:\program files (x86)\arcgis\desktop10.3\ArcToolbox\Toolboxes\Data Management Tools.tbx\CalculateField" Date="20170119" Time="090139">CalculateField GEOCERCAS_DICIEMBRE_2016 SUBDIVISIO "C1" VB #</Process><Process ToolSource="c:\program files (x86)\arcgis\desktop10.3\ArcToolbox\Toolboxes\Data Management Tools.tbx\CalculateField" Date="20170119" Time="090155">CalculateField GEOCERCAS_DICIEMBRE_2016 SUBDIVISIO "C2" VB #</Process><Process ToolSource="c:\program files (x86)\arcgis\desktop10.3\ArcToolbox\Toolboxes\Data Management Tools.tbx\CalculateField" Date="20170119" Time="090214">CalculateField GEOCERCAS_DICIEMBRE_2016 SUBDIVISIO "B2" VB #</Process><Process ToolSource="c:\program files (x86)\arcgis\desktop10.3\ArcToolbox\Toolboxes\Data Management Tools.tbx\CalculateField" Date="20170119" Time="090332">CalculateField GEOCERCAS_DICIEMBRE_2016 SUBDIVISIO "C2" VB #</Process><Process ToolSource="c:\program files (x86)\arcgis\desktop10.3\ArcToolbox\Toolboxes\Data Management Tools.tbx\CalculateField" Date="20170119" Time="090425">CalculateField GEOCERCAS_DICIEMBRE_2016 SUBDIVISIO "C1.1" VB #</Process><Process ToolSource="c:\program files (x86)\arcgis\desktop10.3\ArcToolbox\Toolboxes\Data Management Tools.tbx\CalculateField" Date="20170119" Time="090444">CalculateField GEOCERCAS_DICIEMBRE_2016 SUBDIVISIO "B2" VB #</Process><Process ToolSource="c:\program files (x86)\arcgis\desktop10.3\ArcToolbox\Toolboxes\Data Management Tools.tbx\CalculateField" Date="20170119" Time="090513">CalculateField GEOCERCAS_DICIEMBRE_2016 SUBDIVISIO "C1" VB #</Process><Process ToolSource="c:\program files (x86)\arcgis\desktop10.3\ArcToolbox\Toolboxes\Data Management Tools.tbx\CalculateField" Date="20170127" Time="111739">CalculateField GEOCERCAS_ENERO_2017_v2 SERVICIO "PIE DE VEREDA" VB #</Process><Process ToolSource="c:\program files (x86)\arcgis\desktop10.3\ArcToolbox\Toolboxes\Data Management Tools.tbx\CalculateField" Date="20170127" Time="112220">CalculateField "Rutas Recolección" SUBDIVISIO "B2" VB #</Process><Process ToolSource="c:\program files (x86)\arcgis\desktop10.3\ArcToolbox\Toolboxes\Data Management Tools.tbx\CalculateField" Date="20170202" Time="121756">CalculateField GEOCERCAS_FEB_2017 RUTA "CUIDADELA IBARRA" VB #</Process><Process ToolSource="c:\program files (x86)\arcgis\desktop10.3\ArcToolbox\Toolboxes\Data Management Tools.tbx\CalculateField" Date="20170214" Time="121043">CalculateField GEOCERCAS_FEB_2017 HORARIO "NOCTURNO" VB #</Process><Process ToolSource="c:\program files (x86)\arcgis\desktop10.3\ArcToolbox\Toolboxes\Data Management Tools.tbx\CalculateField" Date="20170214" Time="121101">CalculateField GEOCERCAS_FEB_2017 HORARIO "NOCTURNO" VB #</Process><Process ToolSource="c:\program files (x86)\arcgis\desktop10.3\ArcToolbox\Toolboxes\Data Management Tools.tbx\CalculateField" Date="20170214" Time="135401">CalculateField GEOCERCAS_FEB_2017 COD_RUTA [COD_RUTA1] VB #</Process><Process ToolSource="c:\program files (x86)\arcgis\desktop10.3\ArcToolbox\Toolboxes\Data Management Tools.tbx\CalculateField" Date="20170214" Time="135411">CalculateField GEOCERCAS_FEB_2017 SERVICIO_1 [SERVICIO] VB #</Process><Process ToolSource="c:\program files (x86)\arcgis\desktop10.3\ArcToolbox\Toolboxes\Data Management Tools.tbx\CalculateField" Date="20170214" Time="135520">CalculateField GEOCERCAS_FEB_2017 HOR [HORARIO] VB #</Process><Process ToolSource="c:\program files (x86)\arcgis\desktop10.3\ArcToolbox\Toolboxes\Data Management Tools.tbx\CalculateField" Date="20170214" Time="135529">CalculateField GEOCERCAS_FEB_2017 FREC [FRECUENCIA] VB #</Process><Process ToolSource="c:\program files (x86)\arcgis\desktop10.3\ArcToolbox\Toolboxes\Data Management Tools.tbx\CalculateField" Date="20170214" Time="135638">CalculateField GEOCERCAS_FEB_2017 PLACA_1 [PLACA] VB #</Process><Process ToolSource="c:\program files (x86)\arcgis\desktop10.3\ArcToolbox\Toolboxes\Data Management Tools.tbx\CalculateField" Date="20170214" Time="135657">CalculateField GEOCERCAS_FEB_2017 ADM [ADM_ZONAL] VB #</Process><Process ToolSource="c:\program files (x86)\arcgis\desktop10.3\ArcToolbox\Toolboxes\Data Management Tools.tbx\CalculateField" Date="20170214" Time="135737">CalculateField GEOCERCAS_FEB_2017 SUB [SUBDIVISIO] VB #</Process><Process ToolSource="c:\program files (x86)\arcgis\desktop10.3\ArcToolbox\Toolboxes\Data Management Tools.tbx\CalculateField" Date="20170214" Time="140029">CalculateField GEOCERCAS_FEB_2017 HORARIO [HOR] VB #</Process><Process ToolSource="c:\program files (x86)\arcgis\desktop10.3\ArcToolbox\Toolboxes\Data Management Tools.tbx\CalculateField" Date="20170214" Time="140048">CalculateField GEOCERCAS_FEB_2017 FRECUENCIA [FREC] VB #</Process><Process ToolSource="c:\program files (x86)\arcgis\desktop10.3\ArcToolbox\Toolboxes\Data Management Tools.tbx\CalculateField" Date="20170214" Time="140056">CalculateField GEOCERCAS_FEB_2017 PLACA [PLACA_1] VB #</Process><Process ToolSource="c:\program files (x86)\arcgis\desktop10.3\ArcToolbox\Toolboxes\Data Management Tools.tbx\CalculateField" Date="20170214" Time="140104">CalculateField GEOCERCAS_FEB_2017 SERVICIO [SERVICIO_1] VB #</Process><Process ToolSource="c:\program files (x86)\arcgis\desktop10.3\ArcToolbox\Toolboxes\Data Management Tools.tbx\CalculateField" Date="20170214" Time="140114">CalculateField GEOCERCAS_FEB_2017 ADM_ZONAL [ADM] VB #</Process><Process ToolSource="c:\program files (x86)\arcgis\desktop10.3\ArcToolbox\Toolboxes\Data Management Tools.tbx\CalculateField" Date="20170214" Time="140123">CalculateField GEOCERCAS_FEB_2017 SUBZONA [SUB] VB #</Process><Process ToolSource="c:\program files (x86)\arcgis\desktop10.3\ArcToolbox\Toolboxes\Data Management Tools.tbx\CalculateField" Date="20170214" Time="140131">CalculateField GEOCERCAS_FEB_2017 PESO_PROM [PESO_PRO_D] VB #</Process><Process ToolSource="c:\program files (x86)\arcgis\desktop10.3\ArcToolbox\Toolboxes\Data Management Tools.tbx\CalculateField" Date="20170214" Time="140141">CalculateField GEOCERCAS_FEB_2017 CENTRO_OP [CENTRO_OPE] VB #</Process><Process ToolSource="c:\program files (x86)\arcgis\desktop10.3\ArcToolbox\Toolboxes\Data Management Tools.tbx\CalculateField" Date="20170214" Time="140853">CalculateField GEOCERCAS_FEB_2017 FRECUENCIA L-I-V VB #</Process><Process ToolSource="c:\program files (x86)\arcgis\desktop10.3\ArcToolbox\Toolboxes\Data Management Tools.tbx\CalculateField" Date="20170214" Time="140919">CalculateField GEOCERCAS_FEB_2017 FRECUENCIA "L-I-V" VB #</Process><Process ToolSource="c:\program files (x86)\arcgis\desktop10.3\ArcToolbox\Toolboxes\Data Management Tools.tbx\CalculateField" Date="20170214" Time="140944">CalculateField GEOCERCAS_FEB_2017 FRECUENCIA "M-J-S" VB #</Process><Process ToolSource="c:\program files (x86)\arcgis\desktop10.3\ArcToolbox\Toolboxes\Data Management Tools.tbx\CalculateField" Date="20170214" Time="141001">CalculateField GEOCERCAS_FEB_2017 FRECUENCIA "DIARIO" VB #</Process><Process ToolSource="c:\program files (x86)\arcgis\desktop10.3\ArcToolbox\Toolboxes\Data Management Tools.tbx\CalculateField" Date="20170214" Time="141819">CalculateField GEOCERCAS_FEB_2017 SUBZONA "D1" VB #</Process><Process ToolSource="c:\program files (x86)\arcgis\desktop10.3\ArcToolbox\Toolboxes\Data Management Tools.tbx\CalculateField" Date="20170214" Time="145906">CalculateField GEOCERCAS_FEB_2017 SUBZONA "D1" VB #</Process><Process ToolSource="c:\program files (x86)\arcgis\desktop10.3\ArcToolbox\Toolboxes\Data Management Tools.tbx\CalculateField" Date="20170216" Time="081724">CalculateField GEOCERCAS_FEB_2017 SUBZONA "D2" VB #</Process><Process ToolSource="c:\program files (x86)\arcgis\desktop10.3\ArcToolbox\Toolboxes\Data Management Tools.tbx\CalculateField" Date="20170216" Time="115732">CalculateField GEOCERCAS_FEB_2017 HORARIO "NOCTURNO" VB #</Process><Process ToolSource="c:\program files (x86)\arcgis\desktop10.3\ArcToolbox\Toolboxes\Data Management Tools.tbx\CalculateField" Date="20170220" Time="095243">CalculateField GEOCERCAS_FEB_2017 SUBZONA "B1" VB #</Process><Process ToolSource="c:\program files (x86)\arcgis\desktop10.3\ArcToolbox\Toolboxes\Data Management Tools.tbx\CalculateField" Date="20170220" Time="095745">CalculateField GEOCERCAS_FEB_2017 SUBZONA "B1" VB #</Process><Process ToolSource="c:\program files (x86)\arcgis\desktop10.3\ArcToolbox\Toolboxes\Data Management Tools.tbx\CalculateField" Date="20170302" Time="111943">CalculateField GEOCERCAS_FEB_2017 HORARIO "NOCTURNO" VB #</Process><Process ToolSource="c:\program files (x86)\arcgis\desktop10.3\ArcToolbox\Toolboxes\Data Management Tools.tbx\CalculateField" Date="20170302" Time="111956">CalculateField GEOCERCAS_FEB_2017 FRECUENCIA "L-I-V" VB #</Process><Process ToolSource="c:\program files (x86)\arcgis\desktop10.3\ArcToolbox\Toolboxes\Data Management Tools.tbx\CalculateField" Date="20170309" Time="125442">CalculateField GEOCERCAS_MAR_2017 HORARIO "DIURNO" VB #</Process><Process ToolSource="c:\program files (x86)\arcgis\desktop10.3\ArcToolbox\Toolboxes\Data Management Tools.tbx\CalculateField" Date="20170313" Time="083050">CalculateField GEOCERCAS_MAR_2017 SUBZONA "C1" VB #</Process><Process ToolSource="c:\program files (x86)\arcgis\desktop10.3\ArcToolbox\Toolboxes\Data Management Tools.tbx\CalculateField" Date="20170316" Time="080924">CalculateField GEOCERCAS_MAR_2017 HORARIO "NOCTURNO" VB #</Process><Process ToolSource="c:\program files (x86)\arcgis\desktop10.3\ArcToolbox\Toolboxes\Data Management Tools.tbx\CalculateField" Date="20170316" Time="081138">CalculateField GEOCERCAS_MAR_2017 HORARIO "NOCTURNO" VB #</Process></lineage><itemProps><itemName Sync="TRUE">GEOCERCAS_MARZO_2017</itemName><imsContentType Sync="TRUE">002</imsContentType><itemLocation><linkage Sync="TRUE">file://\\192.168.24.224\U.Logistica\GEOCERCAS\GEOCERCAS_MARZO_2017\GEOCERCAS_MAR_2017.gdb</linkage><protocol Sync="TRUE">Local Area Network</protocol></itemLocation></itemProps><coordRef><type Sync="TRUE">Geographic</type><geogcsn Sync="TRUE">GCS_WGS_1984</geogcsn><csUnits Sync="TRUE">Angular Unit: Degree (0.017453)</csUnits><peXml Sync="TRUE">&lt;GeographicCoordinateSystem xsi:type='typens:GeographicCoordinateSystem' xmlns:xsi='http://www.w3.org/2001/XMLSchema-instance' xmlns:xs='http://www.w3.org/2001/XMLSchema' xmlns:typens='http://www.esri.com/schemas/ArcGIS/10.3'&gt;&lt;WKT&gt;GEOGCS[&amp;quot;GCS_WGS_1984&amp;quot;,DATUM[&amp;quot;D_WGS_1984&amp;quot;,SPHEROID[&amp;quot;WGS_1984&amp;quot;,6378137.0,298.257223563]],PRIMEM[&amp;quot;Greenwich&amp;quot;,0.0],UNIT[&amp;quot;Degree&amp;quot;,0.0174532925199433],AUTHORITY[&amp;quot;EPSG&amp;quot;,4326]]&lt;/WKT&gt;&lt;XOrigin&gt;-400&lt;/XOrigin&gt;&lt;YOrigin&gt;-400&lt;/YOrigin&gt;&lt;XYScale&gt;999999999.99999988&lt;/XYScale&gt;&lt;ZOrigin&gt;-100000&lt;/ZOrigin&gt;&lt;ZScale&gt;10000&lt;/ZScale&gt;&lt;MOrigin&gt;-100000&lt;/MOrigin&gt;&lt;MScale&gt;10000&lt;/MScale&gt;&lt;XYTolerance&gt;8.983152841195215e-009&lt;/XYTolerance&gt;&lt;ZTolerance&gt;0.001&lt;/ZTolerance&gt;&lt;MTolerance&gt;0.001&lt;/MTolerance&gt;&lt;HighPrecision&gt;true&lt;/HighPrecision&gt;&lt;LeftLongitude&gt;-180&lt;/LeftLongitude&gt;&lt;WKID&gt;4326&lt;/WKID&gt;&lt;LatestWKID&gt;4326&lt;/LatestWKID&gt;&lt;/GeographicCoordinateSystem&gt;</peXml></coordRef></DataProperties><SyncDate>20170320</SyncDate><SyncTime>08421000</SyncTime><ModDate>20170320</ModDate><ModTime>08421000</ModTime></Esri><dataIdInfo><envirDesc Sync="TRUE"> Version 6.2 (Build 9200) ; Esri ArcGIS 10.3.1.4959</envirDesc><dataLang><languageCode value="spa" Sync="TRUE"></languageCode><countryCode value="ESP" Sync="TRUE"></countryCode></dataLang><idCitation><resTitle Sync="TRUE">GEOCERCAS_MARZO_2017</resTitle><presForm><PresFormCd value="005" Sync="TRUE"></PresFormCd></presForm></idCitation><spatRpType><SpatRepTypCd value="001" Sync="TRUE"></SpatRepTypCd></spatRpType></dataIdInfo><mdLang><languageCode value="spa" Sync="TRUE"></languageCode><countryCode value="ESP" Sync="TRUE"></countryCode></mdLang><distInfo><distFormat><formatName Sync="TRUE">File Geodatabase Feature Class</formatName></distFormat></distInfo><mdHrLv><ScopeCd value="005" Sync="TRUE"></ScopeCd></mdHrLv><mdHrLvName Sync="TRUE">dataset</mdHrLvName><refSysInfo><RefSystem><refSysID><identCode code="4326" Sync="TRUE"></identCode><idCodeSpace Sync="TRUE">EPSG</idCodeSpace><idVersion Sync="TRUE">8.6.2</idVersion></refSysID></RefSystem></refSysInfo><spatRepInfo><VectSpatRep><geometObjs Name="GEOCERCAS_MARZO_2017"><geoObjTyp><GeoObjTypCd value="002" Sync="TRUE"></GeoObjTypCd></geoObjTyp><geoObjCnt Sync="TRUE">0</geoObjCnt></geometObjs><topLvl><TopoLevCd value="001" Sync="TRUE"></TopoLevCd></topLvl></VectSpatRep></spatRepInfo><spdoinfo><ptvctinf><esriterm Name="GEOCERCAS_MARZO_2017"><efeatyp Sync="TRUE">Simple</efeatyp><efeageom code="4" Sync="TRUE"></efeageom><esritopo Sync="TRUE">FALSE</esritopo><efeacnt Sync="TRUE">0</efeacnt><spindex Sync="TRUE">TRUE</spindex><linrefer Sync="TRUE">FALSE</linrefer></esriterm></ptvctinf></spdoinfo><eainfo><detailed Name="GEOCERCAS_MARZO_2017"><enttyp><enttypl Sync="TRUE">GEOCERCAS_MARZO_2017</enttypl><enttypt Sync="TRUE">Feature Class</enttypt><enttypc Sync="TRUE">0</enttypc></enttyp><attr><attrlabl Sync="TRUE">Shape</attrlabl><attalias Sync="TRUE">Shape</attalias><attrtype Sync="TRUE">Geometry</attrtype><attwidth Sync="TRUE">0</attwidth><atprecis Sync="TRUE">0</atprecis><attscale Sync="TRUE">0</attscale><attrdef Sync="TRUE">Feature geometry.</attrdef><attrdefs Sync="TRUE">Esri</attrdefs><attrdomv><udom Sync="TRUE">Coordinates defining the features.</udom></attrdomv></attr><attr><attrlabl Sync="TRUE">OBJECTID</attrlabl><attalias Sync="TRUE">OBJECTID</attalias><attrtype Sync="TRUE">OID</attrtype><attwidth Sync="TRUE">4</attwidth><atprecis Sync="TRUE">0</atprecis><attscale Sync="TRUE">0</attscale><attrdef Sync="TRUE">Internal feature number.</attrdef><attrdefs Sync="TRUE">Esri</attrdefs><attrdomv><udom Sync="TRUE">Sequential unique whole numbers that are automatically generated.</udom></attrdomv></attr><attr><attrlabl Sync="TRUE">NUM_RUTA</attrlabl><attalias Sync="TRUE">NUM_RUTA</attalias><attrtype Sync="TRUE">String</attrtype><attwidth Sync="TRUE">15</attwidth><atprecis Sync="TRUE">0</atprecis><attscale Sync="TRUE">0</attscale></attr><attr><attrlabl Sync="TRUE">RUTA</attrlabl><attalias Sync="TRUE">RUTA</attalias><attrtype Sync="TRUE">String</attrtype><attwidth Sync="TRUE">100</attwidth><atprecis Sync="TRUE">0</atprecis><attscale Sync="TRUE">0</attscale></attr><attr><attrlabl Sync="TRUE">COD_RUTA</attrlabl><attalias Sync="TRUE">COD_RUTA</attalias><attrtype Sync="TRUE">String</attrtype><attwidth Sync="TRUE">15</attwidth><atprecis Sync="TRUE">0</atprecis><attscale Sync="TRUE">0</attscale></attr><attr><attrlabl Sync="TRUE">SERVICIO</attrlabl><attalias Sync="TRUE">SERVICIO</attalias><attrtype Sync="TRUE">String</attrtype><attwidth Sync="TRUE">25</attwidth><atprecis Sync="TRUE">0</atprecis><attscale Sync="TRUE">0</attscale></attr><attr><attrlabl Sync="TRUE">HORARIO</attrlabl><attalias Sync="TRUE">HORARIO</attalias><attrtype Sync="TRUE">String</attrtype><attwidth Sync="TRUE">25</attwidth><atprecis Sync="TRUE">0</atprecis><attscale Sync="TRUE">0</attscale></attr><attr><attrlabl Sync="TRUE">FRECUENCIA</attrlabl><attalias Sync="TRUE">FRECUENCIA</attalias><attrtype Sync="TRUE">String</attrtype><attwidth Sync="TRUE">15</attwidth><atprecis Sync="TRUE">0</atprecis><attscale Sync="TRUE">0</attscale></attr><attr><attrlabl Sync="TRUE">PLACA</attrlabl><attalias Sync="TRUE">PLACA</attalias><attrtype Sync="TRUE">String</attrtype><attwidth Sync="TRUE">15</attwidth><atprecis Sync="TRUE">0</atprecis><attscale Sync="TRUE">0</attscale></attr><attr><attrlabl Sync="TRUE">ADM_ZONAL</attrlabl><attalias Sync="TRUE">ADM_ZONAL</attalias><attrtype Sync="TRUE">String</attrtype><attwidth Sync="TRUE">25</attwidth><atprecis Sync="TRUE">0</atprecis><attscale Sync="TRUE">0</attscale></attr><attr><attrlabl Sync="TRUE">SUBZONA</attrlabl><attalias Sync="TRUE">SUBZONA</attalias><attrtype Sync="TRUE">String</attrtype><attwidth Sync="TRUE">5</attwidth><atprecis Sync="TRUE">0</atprecis><attscale Sync="TRUE">0</attscale></attr><attr><attrlabl Sync="TRUE">Shape_Length</attrlabl><attalias Sync="TRUE">Shape_Length</attalias><attrtype Sync="TRUE">Double</attrtype><attwidth Sync="TRUE">8</attwidth><atprecis Sync="TRUE">0</atprecis><attscale Sync="TRUE">0</attscale><attrdef Sync="TRUE">Length of feature in internal units.</attrdef><attrdefs Sync="TRUE">Esri</attrdefs><attrdomv><udom Sync="TRUE">Positive real numbers that are automatically generated.</udom></attrdomv></attr><attr><attrlabl Sync="TRUE">Shape_Area</attrlabl><attalias Sync="TRUE">Shape_Area</attalias><attrtype Sync="TRUE">Double</attrtype><attwidth Sync="TRUE">8</attwidth><atprecis Sync="TRUE">0</atprecis><attscale Sync="TRUE">0</attscale><attrdef Sync="TRUE">Area of feature in internal units squared.</attrdef><attrdefs Sync="TRUE">Esri</attrdefs><attrdomv><udom Sync="TRUE">Positive real numbers that are automatically generated.</udom></attrdomv></attr></detailed></eainfo><mdDateSt Sync="TRUE">20170320</mdDateSt></metadata>
