<?xml version="1.0" encoding="UTF-8"?>
<metadata xml:lang="es"><Esri><CreaDate>20170712</CreaDate><CreaTime>09371200</CreaTime><SyncOnce>FALSE</SyncOnce><DataProperties><lineage><Process ToolSource="C:\Program Files (x86)\ArcGIS\ArcToolbox\Toolboxes\Data Management Tools.tbx\CreateFeatureclass" Date="20120628" Time="160902" Name="" export="">CreateFeatureclass C:\Users\user\Documents\EMGIRS\SHP ruta_inga_et POLYLINE # DISABLED DISABLED "PROJCS['WGS_1984_TMQ',GEOGCS['GCS_WGS_1984',DATUM['D_WGS_1984',SPHEROID['WGS_1984',6378137.0,298.257223563]],PRIMEM['Greenwich',0.0],UNIT['Degree',0.0174532925199433]],PROJECTION['Transverse_Mercator'],PARAMETER['False_Easting',500000.0],PARAMETER['False_Northing',10000000.0],PARAMETER['Central_Meridian',-78.5],PARAMETER['Scale_Factor',1.0004584],PARAMETER['Latitude_Of_Origin',0.0],UNIT['Meter',1.0]],VERTCS['WGS_1984',DATUM['D_WGS_1984',SPHEROID['WGS_1984',6378137.0,298.257223563]],PARAMETER['Vertical_Shift',0.0],PARAMETER['Direction',1.0],UNIT['Meter',1.0]];-5125700 -6700 10000;-100000 10000;-100000 10000;0.001;0.001;0.001;IsHighPrecision" # 0 0 0 C:\Users\user\Documents\EMGIRS\SHP\ruta_inga_et.shp</Process><Process ToolSource="C:\Program Files (x86)\ArcGIS\ArcToolbox\Toolboxes\3D Analyst Tools.tbx\SurfaceLength" Date="20121113" Time="082538" Name="" export="">SurfaceLength "C:\Users\user\Documents\EMASEO\emaseo\emaseo\MODELO DIGITAL DEL TERRENO\mde_todo_tmq1.img" EMGIRS_RUTASTRANSPORTE_5000 SLength # 1 EMGIRS_RUTASTRANSPORTE_5000</Process><Process ToolSource="C:\Program Files (x86)\ArcGIS\ArcToolbox\Toolboxes\3D Analyst Tools.tbx\SurfaceLength" Date="20121113" Time="084119" Name="" export="">SurfaceLength mde_todo_tmq1.img EMGIRS_RUTASTRANSPORTE_5000 SLength # 1 EMGIRS_RUTASTRANSPORTE_5000</Process><Process ToolSource="c:\program files (x86)\arcgis\desktop10.2\ArcToolbox\Toolboxes\Data Management Tools.tbx\CalculateField" Date="20150127" Time="101424" Name="" export="">CalculateField AP030_TND_EMGIRS NOM_GEOGRA [Name] VB #</Process><Process ToolSource="c:\program files (x86)\arcgis\desktop10.2\ArcToolbox\Toolboxes\Data Management Tools.tbx\CalculateField" Date="20150127" Time="101530" Name="" export="">CalculateField AP030_TND_EMGIRS NOM_GEOGRA [DESCRIP] VB #</Process><Process ToolSource="c:\program files (x86)\arcgis\desktop10.2\ArcToolbox\Toolboxes\Data Management Tools.tbx\Merge" Date="20150127" Time="104433" Name="" export="">Merge AP030_TND_EMGIRS;'Ruta collas\transporteresiduos' "D:\EMGIRS\New File Geodatabase.gdb\RESIDUOS\AP030_RTND_EMGIRS" "COD_RUTA "COD_RUTA" true true false 10 Text 0 0 ,First,#,AP030_TND_EMGIRS,COD_RUTA,-1,-1;NOM_GEOGRA "NOM_GEOGRA" true true false 30 Text 0 0 ,First,#,AP030_TND_EMGIRS,NOM_GEOGRA,-1,-1;LENGTH "LENGTH" true true false 4 Float 0 0 ,First,#,AP030_TND_EMGIRS,LENGTH,-1,-1;NUM_FURG "NUM_FURG" true true false 2 Short 0 0 ,First,#,AP030_TND_EMGIRS,NUM_FURG,-1,-1;TURN_DIA "TURN_DIA" true true false 2 Short 0 0 ,First,#,AP030_TND_EMGIRS,TURN_DIA,-1,-1,Ruta collas\transporteresiduos,TURN_DIA,-1,-1;VIAJ_TUR "VIAJ_TUR" true true false 2 Short 0 0 ,First,#,AP030_TND_EMGIRS,VIAJ_TUR,-1,-1;SLength "SLength" true true false 8 Double 0 0 ,First,#,AP030_TND_EMGIRS,SLength,-1,-1;TON_DÍA "TON_DÍA" true true false 8 Double 0 0 ,First,#,AP030_TND_EMGIRS,TON_DÍA,-1,-1;DESCRIP "DESCRIP" true true false 40 Text 0 0 ,First,#,AP030_TND_EMGIRS,DESCRIP,-1,-1;DISTANCIA "DISTANCIA" true true false 8 Double 0 0 ,First,#,AP030_TND_EMGIRS,DISTANCIA,-1,-1,Ruta collas\transporteresiduos,distancia,-1,-1;Id "Id" true true false 4 Long 0 0 ,First,#,AP030_TND_EMGIRS,Id,-1,-1;Name "Name" true true false 128 Text 0 0 ,First,#,AP030_TND_EMGIRS,Name,-1,-1,Ruta collas\transporteresiduos,Name,-1,-1;NUM_VEHI "NUM_VEHI" true true false 2 Short 0 0 ,First,#,AP030_TND_EMGIRS,NUM_VEHI,-1,-1,Ruta collas\transporteresiduos,NUM_VEHI,-1,-1;VIAJExTURN "VIAJExTURN" true true false 2 Short 0 0 ,First,#,AP030_TND_EMGIRS,VIAJExTURN,-1,-1,Ruta collas\transporteresiduos,VIAJExTURN,-1,-1;TON_DIA "TON_DIA" true true false 4 Float 0 0 ,First,#,AP030_TND_EMGIRS,TON_DIA,-1,-1,Ruta collas\transporteresiduos,TON_DIA,-1,-1;SITE_DES "DESTINO" true true false 10 Text 0 0 ,First,#,AP030_TND_EMGIRS,SITE_DES,-1,-1;Shape_Length "Shape_Length" false true true 8 Double 0 0 ,First,#,AP030_TND_EMGIRS,Shape_Length,-1,-1"</Process><Process ToolSource="c:\program files (x86)\arcgis\desktop10.2\ArcToolbox\Toolboxes\Data Management Tools.tbx\CalculateField" Date="20150127" Time="111900" Name="" export="">CalculateField AP030_RTND_EMGIRS NOM_GEOGRA [Name] VB #</Process><Process ToolSource="c:\program files (x86)\arcgis\desktop10.2\ArcToolbox\Toolboxes\Data Management Tools.tbx\CalculateField" Date="20150127" Time="113421" Name="" export="">CalculateField AP030_RTND_EMGIRS TON_DÍA [TON_DIA] VB #</Process><Process ToolSource="c:\program files (x86)\arcgis\desktop10.2\ArcToolbox\Toolboxes\Data Management Tools.tbx\CalculateField" Date="20150127" Time="113443" Name="" export="">CalculateField AP030_RTND_EMGIRS NUM_FURG [NUM_VEHI] VB #</Process><Process ToolSource="c:\program files (x86)\arcgis\desktop10.2\ArcToolbox\Toolboxes\Data Management Tools.tbx\CalculateField" Date="20150127" Time="145059" Name="" export="">CalculateField AP030_RTND_EMGIRS PERIODO "2003-2012" VB #</Process><Process ToolSource="c:\program files (x86)\arcgis\desktop10.2\ArcToolbox\Toolboxes\Data Management Tools.tbx\CalculateField" Date="20150127" Time="150042" Name="" export="">CalculateField AP030_RTND_EMGIRS SITE_ORI "TFD-01" VB #</Process><Process ToolSource="c:\program files (x86)\arcgis\desktop10.2\ArcToolbox\Toolboxes\Data Management Tools.tbx\CalculateField" Date="20150127" Time="150055" Name="" export="">CalculateField AP030_RTND_EMGIRS SITE_DES "DFD-01" VB #</Process><Process ToolSource="c:\program files (x86)\arcgis\desktop10.2\ArcToolbox\Toolboxes\Data Management Tools.tbx\CalculateField" Date="20150127" Time="150137" Name="" export="">CalculateField AP030_RTND_EMGIRS SITE_DES "DFD-01" VB #</Process><Process ToolSource="c:\program files (x86)\arcgis\desktop10.2\ArcToolbox\Toolboxes\Data Management Tools.tbx\CalculateField" Date="20150127" Time="150223" Name="" export="">CalculateField AP030_RTND_EMGIRS SITE_ORI "TFD-02" VB #</Process><Process ToolSource="e:\arcgis\desktop 10.3\desktop10.3\ArcToolbox\Toolboxes\Data Management Tools.tbx\CalculateField" Date="20150525" Time="153458" Name="" export="">CalculateField "RUTAS DE TRANSPORTE" SITE_ORI "TFD-01" VB #</Process><Process ToolSource="c:\program files (x86)\arcgis\desktop10.1\ArcToolbox\Toolboxes\Data Management Tools.tbx\Project" Date="20170712" Time="093712">Project EMGIRSEP_RUTASTRANSPORTERSU C:\Geoportal\rutas_transporte_residuos_solidos.shp PROJCS['WGS84TMQ',GEOGCS['GCS_WGS_1984',DATUM['D_WGS_1984',SPHEROID['WGS_1984',6378137.0,298.257223563]],PRIMEM['Greenwich',0.0],UNIT['Degree',0.0174532925199433]],PROJECTION['Transverse_Mercator_Complex'],PARAMETER['False_Easting',500000.0],PARAMETER['False_Northing',10000000.0],PARAMETER['Central_Meridian',-78.5],PARAMETER['Scale_Factor',1.0004584],PARAMETER['Latitude_Of_Origin',0.0],UNIT['Meter',1.0]] # PROJCS['quitow84',GEOGCS['GCS_WGS_1984',DATUM['D_WGS_1984',SPHEROID['WGS_1984',6378137.0,298.257223563]],PRIMEM['Greenwich',0.0],UNIT['Degree',0.0174532925199433]],PROJECTION['Transverse_Mercator_Complex'],PARAMETER['False_Easting',500000.0],PARAMETER['False_Northing',10000000.0],PARAMETER['Central_Meridian',-78.5],PARAMETER['Scale_Factor',1.0004584],PARAMETER['Latitude_Of_Origin',0.0],UNIT['Meter',1.0]]</Process></lineage><itemProps><itemName Sync="TRUE">EMGIRSEP_RUTASTRANSPORTERSU</itemName><imsContentType Sync="TRUE">002</imsContentType><itemLocation><linkage Sync="TRUE">file://\\WS103GRPL001\E$\Respaldo\Disco D\EMGIRS\secretaria de planificacion\información entregada emgirs 2016\EMGIRSEP_RUTASTRANSPORTERSU.shp</linkage><protocol Sync="TRUE">Local Area Network</protocol></itemLocation><nativeExtBox><westBL Sync="TRUE">497597.259750</westBL><eastBL Sync="TRUE">519010.596786</eastBL><southBL Sync="TRUE">9965907.116676</southBL><northBL Sync="TRUE">9983382.334114</northBL><exTypeCode Sync="TRUE">1</exTypeCode></nativeExtBox><itemSize Sync="TRUE">0.040</itemSize></itemProps><coordRef><type Sync="TRUE">Projected</type><geogcsn Sync="TRUE">GCS_WGS_1984</geogcsn><csUnits Sync="TRUE">Linear Unit: Meter (1.000000)</csUnits><projcsn Sync="TRUE">quitow84</projcsn><peXml Sync="TRUE">&lt;ProjectedCoordinateSystem xsi:type='typens:ProjectedCoordinateSystem' xmlns:xsi='http://www.w3.org/2001/XMLSchema-instance' xmlns:xs='http://www.w3.org/2001/XMLSchema' xmlns:typens='http://www.esri.com/schemas/ArcGIS/10.4'&gt;&lt;WKT&gt;PROJCS[&amp;quot;quitow84&amp;quot;,GEOGCS[&amp;quot;GCS_WGS_1984&amp;quot;,DATUM[&amp;quot;D_WGS_1984&amp;quot;,SPHEROID[&amp;quot;WGS_1984&amp;quot;,6378137.0,298.257223563]],PRIMEM[&amp;quot;Greenwich&amp;quot;,0.0],UNIT[&amp;quot;Degree&amp;quot;,0.0174532925199433]],PROJECTION[&amp;quot;Transverse_Mercator_Complex&amp;quot;],PARAMETER[&amp;quot;False_Easting&amp;quot;,500000.0],PARAMETER[&amp;quot;False_Northing&amp;quot;,10000000.0],PARAMETER[&amp;quot;Central_Meridian&amp;quot;,-78.5],PARAMETER[&amp;quot;Scale_Factor&amp;quot;,1.0004584],PARAMETER[&amp;quot;Latitude_Of_Origin&amp;quot;,0.0],UNIT[&amp;quot;Meter&amp;quot;,1.0]]&lt;/WKT&gt;&lt;XOrigin&gt;-15421700&lt;/XOrigin&gt;&lt;YOrigin&gt;12700&lt;/YOrigin&gt;&lt;XYScale&gt;282859219.01370424&lt;/XYScale&gt;&lt;ZOrigin&gt;-100000&lt;/ZOrigin&gt;&lt;ZScale&gt;10000&lt;/ZScale&gt;&lt;MOrigin&gt;-100000&lt;/MOrigin&gt;&lt;MScale&gt;10000&lt;/MScale&gt;&lt;XYTolerance&gt;0.001&lt;/XYTolerance&gt;&lt;ZTolerance&gt;0.001&lt;/ZTolerance&gt;&lt;MTolerance&gt;0.001&lt;/MTolerance&gt;&lt;HighPrecision&gt;true&lt;/HighPrecision&gt;&lt;/ProjectedCoordinateSystem&gt;</peXml></coordRef></DataProperties><SyncDate>20170203</SyncDate><SyncTime>12373400</SyncTime><ModDate>20170203</ModDate><ModTime>12383100</ModTime><ArcGISFormat>1.0</ArcGISFormat><scaleRange><minScale>150000000</minScale><maxScale>5000</maxScale></scaleRange><ArcGISProfile>ItemDescription</ArcGISProfile></Esri><idinfo><citation><citeinfo><onlink Sync="TRUE">\\PAUPAU\Users\user\Documents\EMGIRS\secretaria de planificacion\shp 5000 ortofoto\EMGIRS_RUTASTRANSPORTE_5000.shp</onlink><origin>REQUIRED: The name of an organization or individual that developed the data set.</origin><pubdate>REQUIRED: The date when the data set is published or otherwise made available for release.</pubdate><title Sync="TRUE">EMGIRSEP_RUTASTRANSPORTERSU</title><ftname Sync="TRUE">EMGIRS_RUTASTRANSPORTE_5000</ftname><geoform Sync="TRUE">vector digital data</geoform></citeinfo></citation><native Sync="TRUE">Microsoft Windows Vista Version 6.0 (Build 6002) Service Pack 2; ESRI ArcCatalog 9.3.0.1770</native><descript><langdata Sync="TRUE">es</langdata><abstract>Recorrido de los vehículos que llevan los residuos desde las estaciones de transferencia hacia su destino final en el Relleno Sanitario el Inga. </abstract><purpose>Rutas de transporte de residuos en el DMQ</purpose></descript><timeperd><current>REQUIRED: The basis on which the time period of content information is determined.</current><timeinfo><sngdate><caldate>REQUIRED: The year (and optionally month, or month and day) for which the data set corresponds to the ground.</caldate></sngdate></timeinfo></timeperd><status><progress>REQUIRED: The state of the data set.</progress><update>REQUIRED: The frequency with which changes and additions are made to the data set after the initial data set is completed.</update></status><spdom><bounding><westbc Sync="TRUE">-78.521650</westbc><eastbc Sync="TRUE">-78.329271</eastbc><northbc Sync="TRUE">-0.150163</northbc><southbc Sync="TRUE">-0.332380</southbc></bounding><lboundng><leftbc Sync="TRUE">497588.896457</leftbc><rightbc Sync="TRUE">519013.923788</rightbc><bottombc Sync="TRUE">9963230.499608</bottombc><topbc Sync="TRUE">9983388.125290</topbc></lboundng></spdom><keywords><theme><themekt>REQUIRED: Reference to a formally registered thesaurus or a similar authoritative source of theme keywords.</themekt><themekey>REQUIRED: Common-use word or phrase used to describe the subject of the data set.</themekey></theme></keywords><accconst>REQUIRED: Restrictions and legal prerequisites for accessing the data set.</accconst><useconst>REQUIRED: Restrictions and legal prerequisites for using the data set after access is granted.</useconst><natvform Sync="TRUE">Shapefile</natvform></idinfo><distInfo><distributor><distorTran><onLineSrc><linkage Sync="TRUE">file://\\PAUPAU\Users\user\Documents\EMGIRS\secretaria de planificacion\shp 5000 ortofoto\EMGIRS_RUTASTRANSPORTE_5000.shp</linkage><protocol Sync="TRUE">Local Area Network</protocol><orDesc Sync="TRUE">002</orDesc></onLineSrc><transSize Sync="TRUE">0.011</transSize></distorTran><distorFormat><formatName Sync="TRUE">Shapefile</formatName></distorFormat></distributor><distFormat><formatName Sync="TRUE">Shapefile</formatName></distFormat><distTranOps><transSize Sync="TRUE">0.040</transSize></distTranOps></distInfo><dataqual><lineage><procstep><procdesc Sync="TRUE">Dataset copied.</procdesc><procdate Sync="TRUE">20120924</procdate><proctime Sync="TRUE">16251900</proctime></procstep><procstep><procdesc Sync="TRUE">Dataset copied.</procdesc><srcused Sync="TRUE"/><procdate Sync="TRUE">20120924</procdate><proctime Sync="TRUE">16492000</proctime></procstep></lineage></dataqual><dataIdInfo><envirDesc Sync="TRUE">Microsoft Windows 7 Version 6.1 (Build 7601) Service Pack 1; Esri ArcGIS 10.4.1.5686</envirDesc><dataLang><languageCode Sync="TRUE" value="spa"/><countryCode value="ECU" Sync="TRUE"/></dataLang><idCitation><resTitle Sync="TRUE">EMGIRSEP_RUTASTRANSPORTERSU</resTitle><presForm><PresFormCd Sync="TRUE" value="005"/></presForm></idCitation><spatRpType><SpatRepTypCd Sync="TRUE" value="001"/></spatRpType><dataExt><geoEle><GeoBndBox esriExtentType="native"><westBL Sync="TRUE">497588.896457</westBL><eastBL Sync="TRUE">519013.923788</eastBL><northBL Sync="TRUE">9983388.12529</northBL><southBL Sync="TRUE">9963230.499608</southBL><exTypeCode Sync="TRUE">1</exTypeCode></GeoBndBox></geoEle></dataExt><geoBox esriExtentType="decdegrees"><westBL Sync="TRUE">-78.52165</westBL><eastBL Sync="TRUE">-78.329271</eastBL><northBL Sync="TRUE">-0.150163</northBL><southBL Sync="TRUE">-0.33238</southBL><exTypeCode Sync="TRUE">1</exTypeCode></geoBox><dataExt><geoEle xmlns=""><GeoBndBox esriExtentType="search"><exTypeCode Sync="TRUE">1</exTypeCode><westBL Sync="TRUE">-78.521575</westBL><eastBL Sync="TRUE">-78.329301</eastBL><northBL Sync="TRUE">-0.150216</northBL><southBL Sync="TRUE">-0.308184</southBL></GeoBndBox></geoEle></dataExt><idPurp>Rutas de transporte de residuos en el DMQ</idPurp><idAbs>&lt;DIV STYLE="text-align:Left;"&gt;&lt;DIV&gt;&lt;P&gt;&lt;SPAN&gt;Recorrido de los vehículos que llevan los residuos desde las estaciones de transferencia hacia su destino final en el Relleno Sanitario el Inga. &lt;/SPAN&gt;&lt;/P&gt;&lt;/DIV&gt;&lt;/DIV&gt;</idAbs><idCredit>EMGIRS EP</idCredit><searchKeys><keyword>TRANPORTE RESIDUOS</keyword></searchKeys></dataIdInfo><metainfo><langmeta Sync="TRUE">es</langmeta><metstdn Sync="TRUE">FGDC Content Standards for Digital Geospatial Metadata</metstdn><metstdv Sync="TRUE">FGDC-STD-001-1998</metstdv><mettc Sync="TRUE">local time</mettc><metc><cntinfo><cntorgp><cntper>REQUIRED: The person responsible for the metadata information.</cntper><cntorg>REQUIRED: The organization responsible for the metadata information.</cntorg></cntorgp><cntaddr><addrtype>REQUIRED: The mailing and/or physical address for the organization or individual.</addrtype><city>REQUIRED: The city of the address.</city><state>REQUIRED: The state or province of the address.</state><postal>REQUIRED: The ZIP or other postal code of the address.</postal></cntaddr><cntvoice>REQUIRED: The telephone number by which individuals can speak to the organization or individual.</cntvoice></cntinfo></metc><metd Sync="TRUE">20121113</metd></metainfo><mdLang><languageCode Sync="TRUE" value="spa"/><countryCode value="ECU" Sync="TRUE"/></mdLang><mdStanName Sync="TRUE">ISO 19115 Geographic Information - Metadata</mdStanName><mdStanVer Sync="TRUE">DIS_ESRI1.0</mdStanVer><mdChar><CharSetCd Sync="TRUE" value="004"/></mdChar><mdHrLv><ScopeCd Sync="TRUE" value="005"/></mdHrLv><mdHrLvName Sync="TRUE">dataset</mdHrLvName><distinfo><resdesc Sync="TRUE">Downloadable Data</resdesc><stdorder><digform><digtinfo><transize Sync="TRUE">0.011</transize><dssize Sync="TRUE">0.011</dssize></digtinfo></digform></stdorder></distinfo><spdoinfo><direct Sync="TRUE">Vector</direct><ptvctinf><esriterm Name="EMGIRSEP_RUTASTRANSPORTERSU"><efeatyp Sync="TRUE">Simple</efeatyp><efeageom code="3" Sync="TRUE"/><esritopo Sync="TRUE">FALSE</esritopo><efeacnt Sync="TRUE">2</efeacnt><spindex Sync="TRUE">TRUE</spindex><linrefer Sync="TRUE">TRUE</linrefer></esriterm></ptvctinf></spdoinfo><spref><horizsys><cordsysn><geogcsn Sync="TRUE">GCS_WGS_1984</geogcsn><projcsn Sync="TRUE">WGS_1984_TMQ</projcsn></cordsysn><planar><planci><plance>row and column</plance><plandu Sync="TRUE">meters</plandu><coordrep><absres Sync="TRUE">0.000000</absres><ordres Sync="TRUE">0.000000</ordres></coordrep></planci></planar><geodetic><horizdn Sync="TRUE">D_WGS_1984</horizdn><ellips Sync="TRUE">WGS_1984</ellips><semiaxis Sync="TRUE">6378137.000000</semiaxis><denflat Sync="TRUE">298.257224</denflat></geodetic></horizsys></spref><refSysInfo><RefSystem><refSysID><identCode Sync="TRUE" code="0">WGS_1984_TMQ</identCode><idCodeSpace Sync="TRUE">EPSG</idCodeSpace><idVersion Sync="TRUE">8.2.6</idVersion></refSysID></RefSystem></refSysInfo><spatRepInfo><VectSpatRep><geometObjs Name="EMGIRSEP_RUTASTRANSPORTERSU"><geoObjTyp><GeoObjTypCd value="002" Sync="TRUE"/></geoObjTyp><geoObjCnt Sync="TRUE">2</geoObjCnt></geometObjs><topLvl><TopoLevCd value="001" Sync="TRUE"/></topLvl></VectSpatRep></spatRepInfo><eainfo><detailed Name="EMGIRSEP_RUTASTRANSPORTERSU"><enttyp><enttypl Sync="TRUE">EMGIRSEP_RUTASTRANSPORTERSU</enttypl><enttypt Sync="TRUE">Feature Class</enttypt><enttypc Sync="TRUE">2</enttypc></enttyp><attr><attrlabl Sync="TRUE">FID</attrlabl><attalias Sync="TRUE">FID</attalias><attrtype Sync="TRUE">OID</attrtype><attwidth Sync="TRUE">4</attwidth><atprecis Sync="TRUE">0</atprecis><attscale Sync="TRUE">0</attscale><attrdef Sync="TRUE">Internal feature number.</attrdef><attrdefs Sync="TRUE">Esri</attrdefs><attrdomv><udom Sync="TRUE">Sequential unique whole numbers that are automatically generated.</udom></attrdomv></attr><attr><attrlabl Sync="TRUE">OBJECTID</attrlabl><attalias Sync="TRUE">objectid</attalias><attrtype Sync="TRUE">Integer</attrtype><attwidth Sync="TRUE">10</attwidth><atprecis Sync="TRUE">10</atprecis><attscale Sync="TRUE">0</attscale><attrdef Sync="TRUE">Internal feature number.</attrdef><attrdefs Sync="TRUE">Esri</attrdefs><attrdomv><udom Sync="TRUE">Sequential unique whole numbers that are automatically generated.</udom></attrdomv></attr><attr><attrlabl Sync="TRUE">Shape</attrlabl><attalias Sync="TRUE">Shape</attalias><attrtype Sync="TRUE">Geometry</attrtype><attwidth Sync="TRUE">0</attwidth><atprecis Sync="TRUE">0</atprecis><attscale Sync="TRUE">0</attscale><attrdef Sync="TRUE">Feature geometry.</attrdef><attrdefs Sync="TRUE">ESRI</attrdefs><attrdomv><udom Sync="TRUE">Coordinates defining the features.</udom></attrdomv></attr><attr><attrlabl Sync="TRUE">NOM_GEOGRA</attrlabl><attalias Sync="TRUE">nom_geogra</attalias><attrtype Sync="TRUE">String</attrtype><attwidth Sync="TRUE">30</attwidth><atprecis Sync="TRUE">0</atprecis><attscale Sync="TRUE">0</attscale></attr><attr><attrlabl Sync="TRUE">PERIODO</attrlabl><attalias Sync="TRUE">periodo</attalias><attrtype Sync="TRUE">String</attrtype><attwidth Sync="TRUE">15</attwidth><atprecis Sync="TRUE">0</atprecis><attscale Sync="TRUE">0</attscale></attr><attr><attrlabl Sync="TRUE">estado</attrlabl><attalias Sync="TRUE">estado</attalias><attrtype Sync="TRUE">String</attrtype><attwidth Sync="TRUE">20</attwidth><atprecis Sync="TRUE">0</atprecis><attscale Sync="TRUE">0</attscale></attr></detailed></eainfo><mdDateSt Sync="TRUE">20170203</mdDateSt></metadata>
