<?xml version="1.0"?>
<!--<!DOCTYPE metadata SYSTEM "http://www.esri.com/metadata/esriprof80.dtd">-->
<metadata xml:lang="es"><Esri><CreaDate>20140313</CreaDate><CreaTime>13554000</CreaTime><SyncOnce>TRUE</SyncOnce><DataProperties><lineage><Process ToolSource="C:\Program Files\ArcGIS\ArcToolbox\Toolboxes\Data Management Tools.tbx\DefineProjection" Date="20120607" Time="174740">DefineProjection "D:\SIGQ INFO\SHP\Politico_Administrativo.shp" PROJCS['WGS84TMQ',GEOGCS['GCS_WGS_1984',DATUM['D_WGS_1984',SPHEROID['WGS_1984',6378137.0,298.257223563]],PRIMEM['Greenwich',0.0],UNIT['Degree',0.0174532925199433]],PROJECTION['Transverse_Mercator_Complex'],PARAMETER['False_Easting',500000.0],PARAMETER['False_Northing',10000000.0],PARAMETER['Central_Meridian',-78.5],PARAMETER['Scale_Factor',1.0004584],PARAMETER['Latitude_Of_Origin',0.0],UNIT['Meter',1.0]] "D:\SIGQ INFO\SHP\Politico_Administrativo.shp"</Process><Process ToolSource="c:\archivos de programa\arcgis\desktop10.1\ArcToolbox\Toolboxes\Data Management Tools.tbx\CalculateField" Date="20130827" Time="105106">CalculateField Politico_Administrativo id [FID] VB #</Process><Process ToolSource="c:\program files\arcgis\desktop10.1\ArcToolbox\Toolboxes\Data Management Tools.tbx\CalculateField" Date="20140103" Time="102618">CalculateField Politico_Administrativo Admin_Zona [zona_admin] VB #</Process><Process ToolSource="c:\program files\arcgis\desktop10.1\ArcToolbox\Toolboxes\Data Management Tools.tbx\CalculateField" Date="20140103" Time="102701">CalculateField Politico_Administrativo Admin_Zona "NORTE" VB #</Process><Process ToolSource="c:\program files\arcgis\desktop10.1\ArcToolbox\Toolboxes\Data Management Tools.tbx\CalculateField" Date="20140220" Time="092925">CalculateField limite_DMQ NOMBRE "limite del DMQ" VB #</Process><Process ToolSource="c:\program files\arcgis\desktop10.1\ArcToolbox\Toolboxes\Data Management Tools.tbx\RepairGeometry" Date="20140313" Time="134524">RepairGeometry limite_DMQ DELETE_NULL</Process><Process ToolSource="c:\program files\arcgis\desktop10.1\ArcToolbox\Toolboxes\Data Management Tools.tbx\Project" Date="20140313" Time="135215">Project limite_DMQ D:\geoportal\limite.shp PROJCS['quitow84',GEOGCS['GCS_WGS_1984',DATUM['D_WGS_1984',SPHEROID['WGS_1984',6378137.0,298.257223563]],PRIMEM['Greenwich',0.0],UNIT['Degree',0.0174532925199433]],PROJECTION['Transverse_Mercator_Complex'],PARAMETER['False_Easting',500000.0],PARAMETER['False_Northing',10000000.0],PARAMETER['Central_Meridian',-78.5],PARAMETER['Scale_Factor',1.0004584],PARAMETER['Latitude_Of_Origin',0.0],UNIT['Meter',1.0]] # PROJCS['WGS84TMQ',GEOGCS['GCS_WGS_1984',DATUM['D_WGS_1984',SPHEROID['WGS_1984',6378137.0,298.257223563]],PRIMEM['Greenwich',0.0],UNIT['Degree',0.0174532925199433]],PROJECTION['Transverse_Mercator_Complex'],PARAMETER['False_Easting',500000.0],PARAMETER['False_Northing',10000000.0],PARAMETER['Central_Meridian',-78.5],PARAMETER['Scale_Factor',1.0004584],PARAMETER['Latitude_Of_Origin',0.0],UNIT['Meter',1.0]]</Process></lineage></DataProperties><ArcGISFormat>1.0</ArcGISFormat></Esri></metadata>
