<?xml version="1.0" encoding="UTF-8"?>
<metadata xml:lang="es"><Esri><CreaDate>20161007</CreaDate><CreaTime>08023600</CreaTime><SyncOnce>FALSE</SyncOnce><SyncDate>20140903</SyncDate><SyncTime>10212700</SyncTime><ModDate>20140903</ModDate><ModTime>10212700</ModTime><DataProperties><lineage><Process ToolSource="C:\Archivos de programa\ArcGIS\ArcToolbox\Toolboxes\Data Management Tools.tbx\CopyFeatures" Date="20101111" Time="100405">CopyFeatures D:\AASHP_2009_PSAD56\ciclovias_construidas.shp D:\AASHP_2009_PSAD56\Ciclovías_2010.mdb\ciclovias_construidas # 0 0 0</Process><Process ToolSource="c:\program files (x86)\arcgis\desktop10.0\ArcToolbox\Toolboxes\Data Management Tools.tbx\Project" Date="20120529" Time="120301">Project comision C:\Users\rocio.chanatasig\Documents\ArcGIS\Default1.gdb\comision_Project PROJCS['quitow84',GEOGCS['GCS_WGS_1984',DATUM['D_WGS_1984',SPHEROID['WGS_1984',6378137.0,298.257223563]],PRIMEM['Greenwich',0.0],UNIT['Degree',0.0174532925199433]],PROJECTION['Transverse_Mercator_Complex'],PARAMETER['False_Easting',500000.0],PARAMETER['False_Northing',10000000.0],PARAMETER['Central_Meridian',-78.5],PARAMETER['Scale_Factor',1.0004584],PARAMETER['Latitude_Of_Origin',0.0],UNIT['Meter',1.0]] PSAD_1956_To_WGS_1984_6 PROJCS['PSAD_1956_Transverse_Mercator',GEOGCS['GCS_Provisional_S_American_1956',DATUM['D_Provisional_S_American_1956',SPHEROID['International_1924',6378388.0,297.0]],PRIMEM['Greenwich',0.0],UNIT['Degree',0.0174532925199433]],PROJECTION['Transverse_Mercator'],PARAMETER['False_Easting',500000.0],PARAMETER['False_Northing',10000000.0],PARAMETER['Central_Meridian',-78.5],PARAMETER['Scale_Factor',1.0004584],PARAMETER['Latitude_Of_Origin',0.0],UNIT['Meter',1.0]]</Process><Process ToolSource="C:\Program Files (x86)\ArcGIS\Desktop10.0\ArcToolbox\Toolboxes\Data Management Tools.tbx\Merge" Date="20140903" Time="102129">Merge 'D:\gis BiciQuito\biciq_ago2013.shp';'D:\gis BiciQuito\ciclobiciQ_dmq.shp';'D:\gis BiciQuito\existentes_cicloq.shp';'D:\gis BiciQuito\existentes_DMQ_2012.shp' C:\Users\apmena\Documents\ArcGIS\Default.gdb\biciq_ago2013_Merge "OBJECTID_1 "OBJECTID_1" true true false 9 Long 0 9 ,First,#,D:\gis BiciQuito\biciq_ago2013.shp,OBJECTID_1,-1,-1,D:\gis BiciQuito\existentes_cicloq.shp,OBJECTID_1,-1,-1;FID_ "FID_" true true false 9 Long 0 9 ,First,#,D:\gis BiciQuito\biciq_ago2013.shp,FID_,-1,-1,D:\gis BiciQuito\existentes_cicloq.shp,FID_,-1,-1;Layer "Layer" true true false 254 Text 0 0 ,First,#,D:\gis BiciQuito\biciq_ago2013.shp,Layer,-1,-1,D:\gis BiciQuito\ciclobiciQ_dmq.shp,LAYER,-1,-1,D:\gis BiciQuito\existentes_cicloq.shp,Layer,-1,-1,D:\gis BiciQuito\existentes_DMQ_2012.shp,LAYER,-1,-1;Km "Km" true true false 19 Double 0 0 ,First,#,D:\gis BiciQuito\biciq_ago2013.shp,Km,-1,-1,D:\gis BiciQuito\existentes_cicloq.shp,Km,-1,-1;tipo_via "tipo_via" true true false 50 Text 0 0 ,First,#,D:\gis BiciQuito\biciq_ago2013.shp,tipo_via,-1,-1;estado "estado" true true false 25 Text 0 0 ,First,#,D:\gis BiciQuito\biciq_ago2013.shp,estado,-1,-1;Alcalde "Alcalde" true true false 15 Text 0 0 ,First,#,D:\gis BiciQuito\biciq_ago2013.shp,Alcalde,-1,-1;longitud_f "longitud_f" true true false 4 Short 0 4 ,First,#,D:\gis BiciQuito\biciq_ago2013.shp,longitud_f,-1,-1;seccion "seccion" true true false 19 Double 0 0 ,First,#,D:\gis BiciQuito\biciq_ago2013.shp,seccion,-1,-1;ejecucion "ejecucion" true true false 25 Text 0 0 ,First,#,D:\gis BiciQuito\biciq_ago2013.shp,ejecucion,-1,-1;enero_fase "enero_fase" true true false 4 Short 0 4 ,First,#,D:\gis BiciQuito\biciq_ago2013.shp,enero_fase,-1,-1;LONGITUD_M "LONGITUD_M" true true false 4 Short 0 4 ,First,#,D:\gis BiciQuito\biciq_ago2013.shp,LONGITUD_M,-1,-1;TIPO "TIPO" true true false 16 Text 0 0 ,First,#,D:\gis BiciQuito\ciclobiciQ_dmq.shp,TIPO,-1,-1,D:\gis BiciQuito\existentes_DMQ_2012.shp,TIPO,-1,-1;LENGTH "LENGTH" true true false 16 Double 3 15 ,First,#,D:\gis BiciQuito\ciclobiciQ_dmq.shp,LENGTH,-1,-1,D:\gis BiciQuito\existentes_DMQ_2012.shp,LENGTH,-1,-1;AñO_EJEC "AñO_EJEC" true true false 16 Double 0 16 ,First,#,D:\gis BiciQuito\ciclobiciQ_dmq.shp,AñO_EJEC,-1,-1,D:\gis BiciQuito\existentes_DMQ_2012.shp,AñO_EJEC,-1,-1;OBJECTID "OBJECTID" true true false 9 Long 0 9 ,First,#,D:\gis BiciQuito\existentes_cicloq.shp,OBJECTID,-1,-1,D:\gis BiciQuito\existentes_DMQ_2012.shp,OBJECTID,-1,-1;Shape_Leng "Shape_Leng" true true false 19 Double 0 0 ,First,#,D:\gis BiciQuito\existentes_cicloq.shp,Shape_Leng,-1,-1,D:\gis BiciQuito\existentes_DMQ_2012.shp,Shape_Leng,-1,-1;Shape_Le_1 "Shape_Le_1" true true false 19 Double 0 0 ,First,#,D:\gis BiciQuito\existentes_cicloq.shp,Shape_Le_1,-1,-1"</Process><Process ToolSource="c:\program files (x86)\arcgis\desktop10.1\ArcToolbox\Toolboxes\Data Management Tools.tbx\DefineProjection" Date="20161007" Time="082310">DefineProjection ciclovias_existentes PROJCS['WGS84TMQ',GEOGCS['GCS_WGS_1984',DATUM['D_WGS_1984',SPHEROID['WGS_1984',6378137.0,298.257223563]],PRIMEM['Greenwich',0.0],UNIT['Degree',0.0174532925199433]],PROJECTION['Transverse_Mercator_Complex'],PARAMETER['False_Easting',500000.0],PARAMETER['False_Northing',10000000.0],PARAMETER['Central_Meridian',-78.5],PARAMETER['Scale_Factor',1.0004584],PARAMETER['Latitude_Of_Origin',0.0],UNIT['Meter',1.0]]</Process></lineage><itemProps><itemLocation><linkage Sync="TRUE">file://\\PC80SECRE13\C$\A. Jarrin Silva\GIS\GIS_SGP\GIS_.shps\Ciclovias &amp; Paradas\ciclovias_existentes</linkage><protocol Sync="TRUE">Local Area Network</protocol></itemLocation><itemName Sync="TRUE">biciq_ago2013_Merge</itemName><imsContentType Sync="TRUE">002</imsContentType></itemProps><coordRef><type Sync="TRUE">Projected</type><geogcsn Sync="TRUE">GCS_WGS_1984</geogcsn><projcsn Sync="TRUE">quitow84</projcsn><peXml Sync="TRUE">&lt;ProjectedCoordinateSystem xsi:type='typens:ProjectedCoordinateSystem' xmlns:xsi='http://www.w3.org/2001/XMLSchema-instance' xmlns:xs='http://www.w3.org/2001/XMLSchema' xmlns:typens='http://www.esri.com/schemas/ArcGIS/10.0'&gt;&lt;WKT&gt;PROJCS[&amp;quot;quitow84&amp;quot;,GEOGCS[&amp;quot;GCS_WGS_1984&amp;quot;,DATUM[&amp;quot;D_WGS_1984&amp;quot;,SPHEROID[&amp;quot;WGS_1984&amp;quot;,6378137.0,298.257223563]],PRIMEM[&amp;quot;Greenwich&amp;quot;,0.0],UNIT[&amp;quot;Degree&amp;quot;,0.0174532925199433]],PROJECTION[&amp;quot;Transverse_Mercator_Complex&amp;quot;],PARAMETER[&amp;quot;False_Easting&amp;quot;,500000.0],PARAMETER[&amp;quot;False_Northing&amp;quot;,10000000.0],PARAMETER[&amp;quot;Central_Meridian&amp;quot;,-78.5],PARAMETER[&amp;quot;Scale_Factor&amp;quot;,1.0004584],PARAMETER[&amp;quot;Latitude_Of_Origin&amp;quot;,0.0],UNIT[&amp;quot;Meter&amp;quot;,1.0]]&lt;/WKT&gt;&lt;XOrigin&gt;-15421700&lt;/XOrigin&gt;&lt;YOrigin&gt;12700&lt;/YOrigin&gt;&lt;XYScale&gt;10000&lt;/XYScale&gt;&lt;ZOrigin&gt;-100000&lt;/ZOrigin&gt;&lt;ZScale&gt;10000&lt;/ZScale&gt;&lt;MOrigin&gt;-100000&lt;/MOrigin&gt;&lt;MScale&gt;10000&lt;/MScale&gt;&lt;XYTolerance&gt;0.001&lt;/XYTolerance&gt;&lt;ZTolerance&gt;0.001&lt;/ZTolerance&gt;&lt;MTolerance&gt;0.001&lt;/MTolerance&gt;&lt;HighPrecision&gt;true&lt;/HighPrecision&gt;&lt;/ProjectedCoordinateSystem&gt;</peXml></coordRef><copyHistory><copy source="C:\A. Jarrin Silva\GIS\GIS_Daniel\RUTAS\Ciclovias\ciclovias_existentes" dest="\\PC80SECRE13\C$\A. Jarrin Silva\GIS\GIS_SGP\GIS_.shps\Ciclovias &amp; Paradas\ciclovias_existentes" date="20161007" time="08023600"></copy></copyHistory></DataProperties><ArcGISFormat>1.0</ArcGISFormat></Esri><idinfo><citation><citeinfo><onlink Sync="TRUE"></onlink><origin>REQUIRED: The name of an organization or individual that developed the data set.</origin><pubdate>REQUIRED: The date when the data set is published or otherwise made available for release.</pubdate><title Sync="TRUE">ciclovias_construidas</title><ftname Sync="TRUE">ciclovias_construidas</ftname><geoform Sync="TRUE">vector digital data</geoform></citeinfo></citation><native Sync="TRUE">Microsoft Windows XP Version 5.1 (Build 2600) Service Pack 3; ESRI ArcCatalog 9.3.0.1770</native><descript><langdata Sync="TRUE">es</langdata><abstract>REQUIRED: A brief narrative summary of the data set.</abstract><purpose>REQUIRED: A summary of the intentions with which the data set was developed.</purpose></descript><timeperd><current>REQUIRED: The basis on which the time period of content information is determined.</current><timeinfo><sngdate><caldate>REQUIRED: The year (and optionally month, or month and day) for which the data set corresponds to the ground.</caldate></sngdate></timeinfo></timeperd><status><progress>REQUIRED: The state of the data set.</progress><update>REQUIRED: The frequency with which changes and additions are made to the data set after the initial data set is completed.</update></status><spdom><bounding><westbc Sync="TRUE">REQUIRED: Western-most coordinate of the limit of coverage expressed in longitude.</westbc><eastbc Sync="TRUE">REQUIRED: Eastern-most coordinate of the limit of coverage expressed in longitude.</eastbc><northbc Sync="TRUE">REQUIRED: Northern-most coordinate of the limit of coverage expressed in latitude.</northbc><southbc Sync="TRUE">REQUIRED: Southern-most coordinate of the limit of coverage expressed in latitude.</southbc></bounding></spdom><keywords><theme><themekt>REQUIRED: Reference to a formally registered thesaurus or a similar authoritative source of theme keywords.</themekt><themekey>REQUIRED: Common-use word or phrase used to describe the subject of the data set.</themekey></theme></keywords><accconst>REQUIRED: Restrictions and legal prerequisites for accessing the data set.</accconst><useconst>REQUIRED: Restrictions and legal prerequisites for using the data set after access is granted.</useconst><natvform Sync="TRUE">Personal GeoDatabase Feature Class</natvform></idinfo><distInfo><distributor><distorTran><onLineSrc><linkage Sync="TRUE">file://</linkage><protocol Sync="TRUE">Local Area Network</protocol><orDesc Sync="TRUE">002</orDesc></onLineSrc></distorTran><distorFormat><formatName Sync="TRUE">Personal GeoDatabase Feature Class</formatName></distorFormat></distributor><distFormat><formatName Sync="TRUE">File Geodatabase Feature Class</formatName></distFormat></distInfo><dataqual><lineage><procstep><procdesc Sync="TRUE">Dataset copied.</procdesc><srcused Sync="TRUE">C:\Documents and Settings\sandra.teran\Escritorio\ciclovías_construidas</srcused><date Sync="TRUE">20091111</date><time Sync="TRUE">12071500</time></procstep><procstep><procdesc Sync="TRUE">Dataset copied.</procdesc><srcused Sync="TRUE">\\E1233A0011\D$\RESPALDOS\AREA TRANSPORTE NO MOTORIZADO\mapas\ciclovias nov 2010 arenita\Ciclovías_2010.mdb</srcused><procdate Sync="TRUE">20120222</procdate><proctime Sync="TRUE">09094400</proctime></procstep><procstep><procdesc Sync="TRUE">Dataset copied.</procdesc><srcused Sync="TRUE"></srcused><procdate Sync="TRUE">20120424</procdate><proctime Sync="TRUE">23040500</proctime></procstep><procstep><procdesc Sync="TRUE">Dataset copied.</procdesc><srcused Sync="TRUE"></srcused><procdate Sync="TRUE">20120503</procdate><proctime Sync="TRUE">11004100</proctime></procstep><procstep><procdesc Sync="TRUE">Dataset copied.</procdesc><srcused Sync="TRUE"></srcused><procdate Sync="TRUE">20120506</procdate><proctime Sync="TRUE">07555000</proctime></procstep><procstep><procdesc Sync="TRUE">Dataset copied.</procdesc><srcused Sync="TRUE"></srcused><procdate Sync="TRUE">20120523</procdate><proctime Sync="TRUE">14552300</proctime></procstep><procstep><procdesc Sync="TRUE">Dataset copied.</procdesc><srcused Sync="TRUE"></srcused><procdate Sync="TRUE">20121107</procdate><proctime Sync="TRUE">21133900</proctime></procstep><procstep><procdesc Sync="TRUE">Dataset copied.</procdesc><srcused Sync="TRUE"></srcused><procdate Sync="TRUE">20121114</procdate><proctime Sync="TRUE">10331300</proctime></procstep><procstep><procdesc Sync="TRUE">Dataset copied.</procdesc><srcused Sync="TRUE"></srcused><procdate Sync="TRUE">20130105</procdate><proctime Sync="TRUE">08363400</proctime></procstep></lineage></dataqual><dataIdInfo><envirDesc Sync="TRUE">Microsoft Windows Server 2008 R2 Version 6.1 (Build 7601) Service Pack 1; ESRI ArcGIS 10.0.0.2414</envirDesc><dataLang><languageCode Sync="TRUE" value="spa" country="MEX"></languageCode></dataLang><idCitation><resTitle Sync="TRUE">biciq_ago2013_Merge</resTitle><presForm><PresFormCd Sync="TRUE" value="005"></PresFormCd></presForm></idCitation><spatRpType><SpatRepTypCd Sync="TRUE" value="001"></SpatRepTypCd></spatRpType><descKeys><thesaName uuidref="723f6998-058e-11dc-8314-0800200c9a66"></thesaName><keyword Sync="TRUE">002</keyword></descKeys></dataIdInfo><metainfo><langmeta Sync="TRUE">es</langmeta><metstdn Sync="TRUE">FGDC Content Standards for Digital Geospatial Metadata</metstdn><metstdv Sync="TRUE">FGDC-STD-001-1998</metstdv><mettc Sync="TRUE">local time</mettc><metc><cntinfo><cntorgp><cntper>REQUIRED: The person responsible for the metadata information.</cntper><cntorg>REQUIRED: The organization responsible for the metadata information.</cntorg></cntorgp><cntaddr><addrtype>REQUIRED: The mailing and/or physical address for the organization or individual.</addrtype><city>REQUIRED: The city of the address.</city><state>REQUIRED: The state or province of the address.</state><postal>REQUIRED: The ZIP or other postal code of the address.</postal></cntaddr><cntvoice>REQUIRED: The telephone number by which individuals can speak to the organization or individual.</cntvoice></cntinfo></metc><metd Sync="TRUE">20101111</metd></metainfo><mdLang><languageCode Sync="TRUE" value="spa"></languageCode></mdLang><mdStanName Sync="TRUE">ISO 19115 Geographic Information - Metadata</mdStanName><mdStanVer Sync="TRUE">DIS_ESRI1.0</mdStanVer><mdChar><CharSetCd Sync="TRUE" value="004"></CharSetCd></mdChar><mdHrLv><ScopeCd Sync="TRUE" value="005"></ScopeCd></mdHrLv><mdHrLvName Sync="TRUE">dataset</mdHrLvName><distinfo><resdesc Sync="TRUE">Downloadable Data</resdesc></distinfo><spdoinfo><direct Sync="TRUE">Vector</direct><ptvctinf><esriterm Name="biciq_ago2013_Merge"><efeatyp Sync="TRUE">Simple</efeatyp><efeageom Sync="TRUE">3</efeageom><esritopo Sync="TRUE">FALSE</esritopo><efeacnt Sync="TRUE">0</efeacnt><spindex Sync="TRUE">TRUE</spindex><linrefer Sync="TRUE">FALSE</linrefer></esriterm></ptvctinf></spdoinfo><spref><horizsys><cordsysn><geogcsn Sync="TRUE">GCS_Provisional_S_American_1956</geogcsn><projcsn Sync="TRUE">PSAD_1956_Transverse_Mercator</projcsn></cordsysn><planar><planci><plance Sync="TRUE">coordinate pair</plance><plandu Sync="TRUE">meters</plandu><coordrep><absres Sync="TRUE">0.000100</absres><ordres Sync="TRUE">0.000100</ordres></coordrep></planci></planar><geodetic><horizdn Sync="TRUE">D_Provisional_S_American_1956</horizdn><ellips Sync="TRUE">International_1924</ellips><semiaxis Sync="TRUE">6378388.000000</semiaxis><denflat Sync="TRUE">297.000000</denflat></geodetic></horizsys></spref><refSysInfo><RefSystem><refSysID><identCode Sync="TRUE" code="0">PSAD_1956_Transverse_Mercator</identCode></refSysID></RefSystem></refSysInfo><spatRepInfo><VectSpatRep><topLvl><TopoLevCd Sync="TRUE" value="001"></TopoLevCd></topLvl><geometObjs Name="ciclovias_construidas"><geoObjTyp><GeoObjTypCd Sync="TRUE" value="002"></GeoObjTypCd><geoObjCnt Sync="TRUE">0</geoObjCnt></geoObjTyp><geoObjCnt Sync="TRUE">0</geoObjCnt></geometObjs></VectSpatRep></spatRepInfo><eainfo><detailed Name="biciq_ago2013_Merge"><enttyp><enttypl Sync="TRUE">biciq_ago2013_Merge</enttypl><enttypt Sync="TRUE">Feature Class</enttypt><enttypc Sync="TRUE">0</enttypc></enttyp><attr><attrlabl Sync="TRUE">OBJECTID_12</attrlabl><attalias Sync="TRUE">OBJECTID_12</attalias><attrtype Sync="TRUE">OID</attrtype><attwidth Sync="TRUE">4</attwidth><atprecis Sync="TRUE">0</atprecis><attscale Sync="TRUE">0</attscale><attrdef Sync="TRUE">Internal feature number.</attrdef><attrdefs Sync="TRUE">ESRI</attrdefs><attrdomv><udom Sync="TRUE">Sequential unique whole numbers that are automatically generated.</udom></attrdomv></attr><attr><attrlabl Sync="TRUE">OBJECTID</attrlabl><attalias Sync="TRUE">OBJECTID</attalias><attrtype Sync="TRUE">Integer</attrtype><attwidth Sync="TRUE">4</attwidth><atprecis Sync="TRUE">0</atprecis><attscale Sync="TRUE">0</attscale><attrdef Sync="TRUE">Internal feature number.</attrdef><attrdefs Sync="TRUE">ESRI</attrdefs><attrdomv><udom Sync="TRUE">Sequential unique whole numbers that are automatically generated.</udom></attrdomv></attr><attr><attrlabl Sync="TRUE">OBJECTID_1</attrlabl><attalias Sync="TRUE">OBJECTID_1</attalias><attrtype Sync="TRUE">Integer</attrtype><attwidth Sync="TRUE">4</attwidth><atprecis Sync="TRUE">0</atprecis><attscale Sync="TRUE">0</attscale></attr><attr><attrlabl Sync="TRUE">Shape</attrlabl><attalias Sync="TRUE">Shape</attalias><attrtype Sync="TRUE">Geometry</attrtype><attwidth Sync="TRUE">0</attwidth><atprecis Sync="TRUE">0</atprecis><attscale Sync="TRUE">0</attscale><attrdef Sync="TRUE">Feature geometry.</attrdef><attrdefs Sync="TRUE">ESRI</attrdefs><attrdomv><udom Sync="TRUE">Coordinates defining the features.</udom></attrdomv></attr><attr><attrlabl Sync="TRUE">FID_</attrlabl><attalias Sync="TRUE">FID_</attalias><attrtype Sync="TRUE">Integer</attrtype><attwidth Sync="TRUE">4</attwidth><atprecis Sync="TRUE">0</atprecis><attscale Sync="TRUE">0</attscale></attr><attr><attrlabl Sync="TRUE">Layer</attrlabl><attalias Sync="TRUE">Layer</attalias><attrtype Sync="TRUE">String</attrtype><attwidth Sync="TRUE">254</attwidth><atprecis Sync="TRUE">0</atprecis><attscale Sync="TRUE">0</attscale></attr><attr><attrlabl Sync="TRUE">tipo_via</attrlabl><attalias Sync="TRUE">tipo_via</attalias><attrtype Sync="TRUE">String</attrtype><attwidth Sync="TRUE">50</attwidth><atprecis Sync="TRUE">0</atprecis><attscale Sync="TRUE">0</attscale></attr><attr><attrlabl Sync="TRUE">estado</attrlabl><attalias Sync="TRUE">estado</attalias><attrtype Sync="TRUE">String</attrtype><attwidth Sync="TRUE">25</attwidth><atprecis Sync="TRUE">0</atprecis><attscale Sync="TRUE">0</attscale></attr><attr><attrlabl Sync="TRUE">Alcalde</attrlabl><attalias Sync="TRUE">Alcalde</attalias><attrtype Sync="TRUE">String</attrtype><attwidth Sync="TRUE">15</attwidth><atprecis Sync="TRUE">0</atprecis><attscale Sync="TRUE">0</attscale></attr><attr><attrlabl Sync="TRUE">longitud_f</attrlabl><attalias Sync="TRUE">longitud_f</attalias><attrtype Sync="TRUE">SmallInteger</attrtype><attwidth Sync="TRUE">2</attwidth><atprecis Sync="TRUE">0</atprecis><attscale Sync="TRUE">0</attscale></attr><attr><attrlabl Sync="TRUE">seccion</attrlabl><attalias Sync="TRUE">seccion</attalias><attrtype Sync="TRUE">Double</attrtype><attwidth Sync="TRUE">8</attwidth><atprecis Sync="TRUE">0</atprecis><attscale Sync="TRUE">0</attscale></attr><attr><attrlabl Sync="TRUE">ejecucion</attrlabl><attalias Sync="TRUE">ejecucion</attalias><attrtype Sync="TRUE">String</attrtype><attwidth Sync="TRUE">25</attwidth><atprecis Sync="TRUE">0</atprecis><attscale Sync="TRUE">0</attscale></attr><attr><attrlabl Sync="TRUE">enero_fase</attrlabl><attalias Sync="TRUE">enero_fase</attalias><attrtype Sync="TRUE">SmallInteger</attrtype><attwidth Sync="TRUE">2</attwidth><atprecis Sync="TRUE">0</atprecis><attscale Sync="TRUE">0</attscale></attr><attr><attrlabl Sync="TRUE">LONGITUD_M</attrlabl><attalias Sync="TRUE">LONGITUD_M</attalias><attrtype Sync="TRUE">SmallInteger</attrtype><attwidth Sync="TRUE">2</attwidth><atprecis Sync="TRUE">0</atprecis><attscale Sync="TRUE">0</attscale></attr><attr><attrlabl Sync="TRUE">TIPO</attrlabl><attalias Sync="TRUE">TIPO</attalias><attrtype Sync="TRUE">String</attrtype><attwidth Sync="TRUE">16</attwidth><atprecis Sync="TRUE">0</atprecis><attscale Sync="TRUE">0</attscale></attr><attr><attrlabl Sync="TRUE">LENGTH</attrlabl><attalias Sync="TRUE">LENGTH</attalias><attrtype Sync="TRUE">Double</attrtype><attwidth Sync="TRUE">8</attwidth><atprecis Sync="TRUE">0</atprecis><attscale Sync="TRUE">0</attscale></attr><attr><attrlabl Sync="TRUE">AñO_EJEC</attrlabl><attalias Sync="TRUE">AñO_EJEC</attalias><attrtype Sync="TRUE">Double</attrtype><attwidth Sync="TRUE">8</attwidth><atprecis Sync="TRUE">0</atprecis><attscale Sync="TRUE">0</attscale></attr><attr><attrlabl Sync="TRUE">Km</attrlabl><attalias Sync="TRUE">Km</attalias><attrtype Sync="TRUE">Double</attrtype><attwidth Sync="TRUE">8</attwidth><atprecis Sync="TRUE">0</atprecis><attscale Sync="TRUE">0</attscale></attr><attr><attrlabl Sync="TRUE">Shape_Leng</attrlabl><attalias Sync="TRUE">Shape_Leng</attalias><attrtype Sync="TRUE">Double</attrtype><attwidth Sync="TRUE">8</attwidth><atprecis Sync="TRUE">0</atprecis><attscale Sync="TRUE">0</attscale></attr><attr><attrlabl Sync="TRUE">Shape_Le_1</attrlabl><attalias Sync="TRUE">Shape_Le_1</attalias><attrtype Sync="TRUE">Double</attrtype><attwidth Sync="TRUE">8</attwidth><atprecis Sync="TRUE">0</atprecis><attscale Sync="TRUE">0</attscale></attr><attr><attrlabl Sync="TRUE">Shape_Length</attrlabl><attalias Sync="TRUE">Shape_Length</attalias><attrtype Sync="TRUE">Double</attrtype><attwidth Sync="TRUE">8</attwidth><atprecis Sync="TRUE">0</atprecis><attscale Sync="TRUE">0</attscale><attrdef Sync="TRUE">Length of feature in internal units.</attrdef><attrdefs Sync="TRUE">ESRI</attrdefs><attrdomv><udom Sync="TRUE">Positive real numbers that are automatically generated.</udom></attrdomv></attr></detailed></eainfo><mdDateSt Sync="TRUE">20140903</mdDateSt></metadata>
