<metadata xml:lang="es"><Esri><CreaDate>20160201</CreaDate><CreaTime>17071200</CreaTime><ArcGISFormat>1.0</ArcGISFormat><ArcGISstyle>ISO 19139 Metadata Implementation Specification</ArcGISstyle><SyncOnce>FALSE</SyncOnce><DataProperties><itemProps><itemName Sync="TRUE">BOLARDO</itemName><itemLocation><linkage Sync="TRUE">file://\\E1323a0112\sig\ROCIO CH\TE MAT 5940-17\SHAPEFILES\BOLARDO.shp</linkage><protocol Sync="TRUE">Local Area Network</protocol></itemLocation><imsContentType Sync="TRUE">002</imsContentType><itemSize Sync="TRUE">0.000</itemSize></itemProps><coordRef><type Sync="TRUE">Projected</type><geogcsn Sync="TRUE">GCS_WGS_1984</geogcsn><csUnits Sync="TRUE">Linear Unit: Meter (1.000000)</csUnits><projcsn Sync="TRUE">SIRES-DMQ</projcsn><peXml Sync="TRUE">&lt;ProjectedCoordinateSystem xsi:type='typens:ProjectedCoordinateSystem' xmlns:xsi='http://www.w3.org/2001/XMLSchema-instance' xmlns:xs='http://www.w3.org/2001/XMLSchema' xmlns:typens='http://www.esri.com/schemas/ArcGIS/10.5'&gt;&lt;WKT&gt;PROJCS[&amp;quot;SIRES-DMQ&amp;quot;,GEOGCS[&amp;quot;GCS_WGS_1984&amp;quot;,DATUM[&amp;quot;D_WGS_1984&amp;quot;,SPHEROID[&amp;quot;WGS_1984&amp;quot;,6378137.0,298.257223563]],PRIMEM[&amp;quot;Greenwich&amp;quot;,0.0],UNIT[&amp;quot;Degree&amp;quot;,0.0174532925199433]],PROJECTION[&amp;quot;Transverse_Mercator&amp;quot;],PARAMETER[&amp;quot;False_Easting&amp;quot;,500000.0],PARAMETER[&amp;quot;False_Northing&amp;quot;,10000000.0],PARAMETER[&amp;quot;Central_Meridian&amp;quot;,-78.5],PARAMETER[&amp;quot;Scale_Factor&amp;quot;,1.0004584],PARAMETER[&amp;quot;Latitude_Of_Origin&amp;quot;,0.0],UNIT[&amp;quot;Meter&amp;quot;,1.0]]&lt;/WKT&gt;&lt;XOrigin&gt;-5125700&lt;/XOrigin&gt;&lt;YOrigin&gt;-6700&lt;/YOrigin&gt;&lt;XYScale&gt;450058423.59324205&lt;/XYScale&gt;&lt;ZOrigin&gt;-100000&lt;/ZOrigin&gt;&lt;ZScale&gt;10000&lt;/ZScale&gt;&lt;MOrigin&gt;-100000&lt;/MOrigin&gt;&lt;MScale&gt;10000&lt;/MScale&gt;&lt;XYTolerance&gt;0.001&lt;/XYTolerance&gt;&lt;ZTolerance&gt;0.001&lt;/ZTolerance&gt;&lt;MTolerance&gt;0.001&lt;/MTolerance&gt;&lt;HighPrecision&gt;true&lt;/HighPrecision&gt;&lt;/ProjectedCoordinateSystem&gt;</peXml></coordRef><lineage><Process ToolSource="c:\program files (x86)\arcgis\desktop10.3\ArcToolbox\Toolboxes\Conversion Tools.tbx\FeatureClassToFeatureClass" Date="20160201" Time="170712" Name="" export="">FeatureClassToFeatureClass "Database Connections\SDE.sde\SDE.CH_Asociado_a_transportacion\SDE.bolardo" "Database Connections\produccion.sde" bolardo # "FCODE "FCODE" true true false 5 Text 0 0 ,First,#,Database Connections\SDE.sde\SDE.CH_Asociado_a_transportacion\SDE.bolardo,FCODE,-1,-1;IDBOL "IDBOL" true true false 4 Long 0 10 ,First,#,Database Connections\SDE.sde\SDE.CH_Asociado_a_transportacion\SDE.bolardo,IDBOL,-1,-1;ID_AREA_VERDE "ID_AREA_VERDE" true true false 4 Long 0 10 ,First,#,Database Connections\SDE.sde\SDE.CH_Asociado_a_transportacion\SDE.bolardo,ID_AREA_VERDE,-1,-1;MCC "MCC" true true false 2 Short 0 3 ,First,#,Database Connections\SDE.sde\SDE.CH_Asociado_a_transportacion\SDE.bolardo,MCC,-1,-1;CON "CON" true true false 2 Short 0 3 ,First,#,Database Connections\SDE.sde\SDE.CH_Asociado_a_transportacion\SDE.bolardo,CON,-1,-1;MAN "MTN" true true false 2 Short 0 3 ,First,#,Database Connections\SDE.sde\SDE.CH_Asociado_a_transportacion\SDE.bolardo,MAN,-1,-1;KMT "KMT" true true false 100 Text 0 0 ,First,#,Database Connections\SDE.sde\SDE.CH_Asociado_a_transportacion\SDE.bolardo,KMT,-1,-1;KAR "KAR" true true false 2 Short 0 3 ,First,#,Database Connections\SDE.sde\SDE.CH_Asociado_a_transportacion\SDE.bolardo,KAR,-1,-1;IDKAR "IDKAR" true true false 4 Long 0 10 ,First,#,Database Connections\SDE.sde\SDE.CH_Asociado_a_transportacion\SDE.bolardo,IDKAR,-1,-1;PRQ "PRQ" true true false 4 Text 0 0 ,First,#,Database Connections\SDE.sde\SDE.CH_Asociado_a_transportacion\SDE.bolardo,PRQ,-1,-1;BRR "BRR" true true false 40 Text 0 0 ,First,#,Database Connections\SDE.sde\SDE.CH_Asociado_a_transportacion\SDE.bolardo,BRR,-1,-1;IDBRR "IDBRR" true true false 10 Text 0 0 ,First,#,Database Connections\SDE.sde\SDE.CH_Asociado_a_transportacion\SDE.bolardo,IDBRR,-1,-1;TXT "TXT" true true false 100 Text 0 0 ,First,#,Database Connections\SDE.sde\SDE.CH_Asociado_a_transportacion\SDE.bolardo,TXT,-1,-1;X "X" true true false 8 Double 3 11 ,First,#,Database Connections\SDE.sde\SDE.CH_Asociado_a_transportacion\SDE.bolardo,X,-1,-1;Y "Y" true true false 8 Double 3 11 ,First,#,Database Connections\SDE.sde\SDE.CH_Asociado_a_transportacion\SDE.bolardo,Y,-1,-1;IMG "IMG" true true false 100 Text 0 0 ,First,#,Database Connections\SDE.sde\SDE.CH_Asociado_a_transportacion\SDE.bolardo,IMG,-1,-1" #</Process><Process ToolSource="c:\program files (x86)\arcgis\desktop10.2\ArcToolbox\Toolboxes\Data Management Tools.tbx\CalculateField" Date="20160616" Time="090510">CalculateField SDE.bolardo BRR "PISULI" VB #</Process><Process ToolSource="c:\program files (x86)\arcgis\desktop10.2\ArcToolbox\Toolboxes\Data Management Tools.tbx\CalculateField" Date="20160616" Time="090521">CalculateField SDE.bolardo BRR "PISULI" VB #</Process><Process ToolSource="c:\program files (x86)\arcgis\desktop10.2\ArcToolbox\Toolboxes\Data Management Tools.tbx\CalculateField" Date="20160616" Time="090543">CalculateField SDE.bolardo TXT "ACTUALIZACION MS 16 JUNIO 2016" VB #</Process><Process ToolSource="c:\program files (x86)\arcgis\desktop10.2\ArcToolbox\Toolboxes\Data Management Tools.tbx\CalculateField" Date="20160616" Time="090606">CalculateField SDE.bolardo KAR "3977" VB #</Process><Process ToolSource="c:\program files (x86)\arcgis\desktop10.2\ArcToolbox\Toolboxes\Data Management Tools.tbx\CalculateField" Date="20160616" Time="090627">CalculateField SDE.bolardo IDKAR "3977" VB #</Process><Process ToolSource="c:\program files (x86)\arcgis\desktop10.2\ArcToolbox\Toolboxes\Data Management Tools.tbx\CalculateField" Date="20160616" Time="090847">CalculateField SDE.bolardo ID_AREA_VERDE "3977" VB #</Process><Process ToolSource="c:\program files (x86)\arcgis\desktop10.2\ArcToolbox\Toolboxes\Data Management Tools.tbx\CalculateField" Date="20160616" Time="145242">CalculateField SDE.bolardo ID_AREA_VERDE "4586" VB #</Process><Process ToolSource="c:\program files (x86)\arcgis\desktop10.2\ArcToolbox\Toolboxes\Data Management Tools.tbx\CalculateField" Date="20160616" Time="145306">CalculateField SDE.bolardo KMT "LIMPIEZA Y PINTURA" VB #</Process><Process ToolSource="c:\program files (x86)\arcgis\desktop10.2\ArcToolbox\Toolboxes\Data Management Tools.tbx\CalculateField" Date="20160616" Time="145326">CalculateField SDE.bolardo BRR "PROTECCION EL CONDADO" VB #</Process><Process ToolSource="c:\program files (x86)\arcgis\desktop10.2\ArcToolbox\Toolboxes\Data Management Tools.tbx\CalculateField" Date="20160616" Time="145341">CalculateField SDE.bolardo IDBRR "05040021" VB #</Process><Process ToolSource="c:\program files (x86)\arcgis\desktop10.2\ArcToolbox\Toolboxes\Data Management Tools.tbx\CalculateField" Date="20160616" Time="145406">CalculateField SDE.bolardo TXT "ACTUALIZACION MS 16 JUNIO 2016" VB #</Process><Process ToolSource="c:\program files (x86)\arcgis\desktop10.2\ArcToolbox\Toolboxes\Data Management Tools.tbx\CalculateField" Date="20160617" Time="081413">CalculateField SDE.bolardo ID_AREA_VERDE "2976" VB #</Process><Process ToolSource="c:\program files (x86)\arcgis\desktop10.2\ArcToolbox\Toolboxes\Data Management Tools.tbx\CalculateField" Date="20160617" Time="081451">CalculateField SDE.bolardo KMT "LIMPIEZA Y PINTURA" VB #</Process><Process ToolSource="c:\program files (x86)\arcgis\desktop10.2\ArcToolbox\Toolboxes\Data Management Tools.tbx\CalculateField" Date="20160617" Time="081514">CalculateField SDE.bolardo BRR "CAMINOS LIBERTAD" VB #</Process><Process ToolSource="c:\program files (x86)\arcgis\desktop10.2\ArcToolbox\Toolboxes\Data Management Tools.tbx\CalculateField" Date="20160617" Time="081537">CalculateField SDE.bolardo IDBRR "05040001" VB #</Process><Process ToolSource="c:\program files (x86)\arcgis\desktop10.2\ArcToolbox\Toolboxes\Data Management Tools.tbx\CalculateField" Date="20160617" Time="081603">CalculateField SDE.bolardo TXT "ACTUALIZACION MS 16 JUNIO 2016" VB #</Process><Process ToolSource="c:\program files (x86)\arcgis\desktop10.2\ArcToolbox\Toolboxes\Data Management Tools.tbx\CalculateField" Date="20160824" Time="162506">CalculateField SDE.bolardo TXT "ACTUALIZACION MS 24 AGOSTO 2016" VB #</Process><Process ToolSource="c:\program files (x86)\arcgis\desktop10.2\ArcToolbox\Toolboxes\Data Management Tools.tbx\CalculateField" Date="20160824" Time="162600">CalculateField SDE.bolardo ID_AREA_VERDE "1804" VB #</Process><Process ToolSource="c:\program files (x86)\arcgis\desktop10.2\ArcToolbox\Toolboxes\Data Management Tools.tbx\CalculateField" Date="20160824" Time="162624">CalculateField SDE.bolardo KMT "LIMPIEZA Y PINTURA" VB #</Process><Process ToolSource="c:\program files (x86)\arcgis\desktop10.2\ArcToolbox\Toolboxes\Data Management Tools.tbx\CalculateField" Date="20160824" Time="162638">CalculateField SDE.bolardo BRR "LAS CASAS" VB #</Process><Process ToolSource="c:\program files (x86)\arcgis\desktop10.2\ArcToolbox\Toolboxes\Data Management Tools.tbx\CalculateField" Date="20160824" Time="162656">CalculateField SDE.bolardo IDBRR "04010007" VB #</Process><Process ToolSource="c:\program files (x86)\arcgis\desktop10.2\ArcToolbox\Toolboxes\Data Management Tools.tbx\CalculateField" Date="20160826" Time="100729">CalculateField SDE.bolardo BRR "MARISCAL SUCRE" VB #</Process><Process ToolSource="c:\program files (x86)\arcgis\desktop10.2\ArcToolbox\Toolboxes\Data Management Tools.tbx\CalculateField" Date="20160826" Time="100743">CalculateField SDE.bolardo IDBRR "04020003" VB #</Process><Process ToolSource="c:\program files (x86)\arcgis\desktop10.2\ArcToolbox\Toolboxes\Data Management Tools.tbx\CalculateField" Date="20160826" Time="101028">CalculateField SDE.bolardo TXT "ACTUALIZACION MS 25 AGOSTO 2016" VB #</Process><Process ToolSource="c:\program files (x86)\arcgis\desktop10.2\ArcToolbox\Toolboxes\Data Management Tools.tbx\CalculateField" Date="20160826" Time="102457">CalculateField SDE.bolardo KMT "LIMPIEZA Y PINTURA" VB #</Process><Process ToolSource="c:\program files (x86)\arcgis\desktop10.2\ArcToolbox\Toolboxes\Data Management Tools.tbx\CalculateField" Date="20160826" Time="102522">CalculateField SDE.bolardo BRR "MARISCAL SUCRE" VB #</Process><Process ToolSource="c:\program files (x86)\arcgis\desktop10.2\ArcToolbox\Toolboxes\Data Management Tools.tbx\CalculateField" Date="20160826" Time="102536">CalculateField SDE.bolardo IDBRR "04020003" VB #</Process><Process ToolSource="c:\program files (x86)\arcgis\desktop10.2\ArcToolbox\Toolboxes\Data Management Tools.tbx\CalculateField" Date="20160826" Time="102602">CalculateField SDE.bolardo TXT "ACTUALIZACION 25 AGOSTO 2016" VB #</Process><Process ToolSource="c:\program files (x86)\arcgis\desktop10.2\ArcToolbox\Toolboxes\Data Management Tools.tbx\CalculateField" Date="20160826" Time="103321">CalculateField SDE.bolardo TXT "ACTUALIZACION 26 AGOSTO 2016" VB #</Process><Process ToolSource="c:\program files (x86)\arcgis\desktop10.2\ArcToolbox\Toolboxes\Data Management Tools.tbx\CalculateField" Date="20160826" Time="103333">CalculateField SDE.bolardo IDBRR "04020003" VB #</Process><Process ToolSource="c:\program files (x86)\arcgis\desktop10.2\ArcToolbox\Toolboxes\Data Management Tools.tbx\CalculateField" Date="20160826" Time="103346">CalculateField SDE.bolardo BRR "MARISCAL SUCRE" VB #</Process><Process ToolSource="c:\program files (x86)\arcgis\desktop10.2\ArcToolbox\Toolboxes\Data Management Tools.tbx\CalculateField" Date="20160826" Time="104108">CalculateField SDE.bolardo KMT "LIMPIEZA Y PINTURA" VB #</Process><Process ToolSource="c:\program files (x86)\arcgis\desktop10.2\ArcToolbox\Toolboxes\Data Management Tools.tbx\CalculateField" Date="20160826" Time="104157">CalculateField SDE.bolardo KMT "LIMPIEZA Y PINTURA" VB #</Process><Process ToolSource="c:\program files (x86)\arcgis\desktop10.2\ArcToolbox\Toolboxes\Data Management Tools.tbx\CalculateField" Date="20160826" Time="104311">CalculateField SDE.bolardo KMT "LIMPIEZA Y PINTURA" VB #</Process><Process ToolSource="c:\program files (x86)\arcgis\desktop10.2\ArcToolbox\Toolboxes\Data Management Tools.tbx\CalculateField" Date="20160826" Time="104431">CalculateField SDE.bolardo IDKAR "2395" VB #</Process><Process ToolSource="c:\program files (x86)\arcgis\desktop10.2\ArcToolbox\Toolboxes\Data Management Tools.tbx\CalculateField" Date="20160826" Time="105317">CalculateField SDE.bolardo BRR "MARISCAL SUCRE" VB #</Process><Process ToolSource="c:\program files (x86)\arcgis\desktop10.2\ArcToolbox\Toolboxes\Data Management Tools.tbx\CalculateField" Date="20160826" Time="105329">CalculateField SDE.bolardo IDBRR "04020003" VB #</Process><Process ToolSource="c:\program files (x86)\arcgis\desktop10.2\ArcToolbox\Toolboxes\Data Management Tools.tbx\CalculateField" Date="20160826" Time="105358">CalculateField SDE.bolardo TXT "ACTUALIZACION MS 26 AGOSTO 2016" VB #</Process><Process ToolSource="c:\program files (x86)\arcgis\desktop10.2\ArcToolbox\Toolboxes\Data Management Tools.tbx\CalculateField" Date="20160826" Time="145914">CalculateField SDE.bolardo IDKAR "1240" VB #</Process><Process ToolSource="c:\program files (x86)\arcgis\desktop10.2\ArcToolbox\Toolboxes\Data Management Tools.tbx\CalculateField" Date="20160826" Time="145949">CalculateField SDE.bolardo IDKAR "1262" VB #</Process><Process ToolSource="c:\program files (x86)\arcgis\desktop10.2\ArcToolbox\Toolboxes\Data Management Tools.tbx\CalculateField" Date="20160826" Time="150030">CalculateField SDE.bolardo IDKAR "1432" VB #</Process><Process ToolSource="c:\program files (x86)\arcgis\desktop10.2\ArcToolbox\Toolboxes\Data Management Tools.tbx\CalculateField" Date="20160826" Time="150336">CalculateField SDE.bolardo IDKAR "1262" VB #</Process><Process ToolSource="c:\program files (x86)\arcgis\desktop10.2\ArcToolbox\Toolboxes\Data Management Tools.tbx\CalculateField" Date="20160826" Time="150832">CalculateField SDE.bolardo IDKAR "&lt;Null&gt;" VB #</Process><Process ToolSource="c:\program files (x86)\arcgis\desktop10.2\ArcToolbox\Toolboxes\Data Management Tools.tbx\CalculateField" Date="20160826" Time="150854">CalculateField SDE.bolardo IDKAR " " VB #</Process><Process ToolSource="c:\program files (x86)\arcgis\desktop10.2\ArcToolbox\Toolboxes\Data Management Tools.tbx\CalculateField" Date="20160826" Time="151059">CalculateField SDE.bolardo IDKAR "2395" VB #</Process><Process ToolSource="c:\program files (x86)\arcgis\desktop10.2\ArcToolbox\Toolboxes\Data Management Tools.tbx\CalculateField" Date="20160826" Time="151611">CalculateField SDE.bolardo IDKAR "1240" VB #</Process><Process ToolSource="c:\program files (x86)\arcgis\desktop10.2\ArcToolbox\Toolboxes\Data Management Tools.tbx\CalculateField" Date="20160826" Time="151801">CalculateField SDE.bolardo IDKAR "1432" VB #</Process><Process ToolSource="c:\program files (x86)\arcgis\desktop10.2\ArcToolbox\Toolboxes\Data Management Tools.tbx\CalculateField" Date="20160826" Time="151925">CalculateField SDE.bolardo IDKAR "910" VB #</Process><Process ToolSource="c:\program files (x86)\arcgis\desktop10.2\ArcToolbox\Toolboxes\Data Management Tools.tbx\CalculateField" Date="20160831" Time="080025">CalculateField SDE.bolardo KMT "LIMPIEZA" VB #</Process><Process ToolSource="c:\program files (x86)\arcgis\desktop10.2\ArcToolbox\Toolboxes\Data Management Tools.tbx\CalculateField" Date="20160831" Time="080042">CalculateField SDE.bolardo BRR "LAS CASAS BAJO" VB #</Process><Process ToolSource="c:\program files (x86)\arcgis\desktop10.2\ArcToolbox\Toolboxes\Data Management Tools.tbx\CalculateField" Date="20160831" Time="080102">CalculateField SDE.bolardo IDBRR "04010012" VB #</Process><Process ToolSource="c:\program files (x86)\arcgis\desktop10.2\ArcToolbox\Toolboxes\Data Management Tools.tbx\CalculateField" Date="20160831" Time="080129">CalculateField SDE.bolardo TXT "ACTUALIZACION MS 30 AGOSTO 2016" VB #</Process><Process ToolSource="c:\program files (x86)\arcgis\desktop10.2\ArcToolbox\Toolboxes\Data Management Tools.tbx\CalculateField" Date="20160831" Time="080257">CalculateField SDE.bolardo TXT "ACTUALIZACION MS 30 AGOSTO 2016" VB #</Process><Process ToolSource="c:\program files (x86)\arcgis\desktop10.2\ArcToolbox\Toolboxes\Data Management Tools.tbx\CalculateField" Date="20160831" Time="080312">CalculateField SDE.bolardo IDBRR "04010012" VB #</Process><Process ToolSource="c:\program files (x86)\arcgis\desktop10.2\ArcToolbox\Toolboxes\Data Management Tools.tbx\CalculateField" Date="20160831" Time="080327">CalculateField SDE.bolardo BRR "S CLARA S.MILAN" VB #</Process><Process ToolSource="c:\program files (x86)\arcgis\desktop10.2\ArcToolbox\Toolboxes\Data Management Tools.tbx\CalculateField" Date="20160831" Time="080411">CalculateField SDE.bolardo BRR "MARISCAL SUCRE" VB #</Process><Process ToolSource="c:\program files (x86)\arcgis\desktop10.2\ArcToolbox\Toolboxes\Data Management Tools.tbx\CalculateField" Date="20160831" Time="080425">CalculateField SDE.bolardo IDBRR "04020003" VB #</Process><Process ToolSource="c:\program files (x86)\arcgis\desktop10.2\ArcToolbox\Toolboxes\Data Management Tools.tbx\CalculateField" Date="20160831" Time="080442">CalculateField SDE.bolardo TXT "ACTUALIZACION MS 30 AGOSTO 2016" VB #</Process><Process ToolSource="c:\program files (x86)\arcgis\desktop10.2\ArcToolbox\Toolboxes\Data Management Tools.tbx\CalculateField" Date="20160831" Time="080520">CalculateField SDE.bolardo TXT "ACTUALIZACION MS 30 AGOSTO 2016" VB #</Process><Process ToolSource="c:\program files (x86)\arcgis\desktop10.2\ArcToolbox\Toolboxes\Data Management Tools.tbx\CalculateField" Date="20160831" Time="080533">CalculateField SDE.bolardo IDBRR "04020001" VB #</Process><Process ToolSource="c:\program files (x86)\arcgis\desktop10.2\ArcToolbox\Toolboxes\Data Management Tools.tbx\CalculateField" Date="20160831" Time="080542">CalculateField SDE.bolardo BRR "LA COLON" VB #</Process><Process ToolSource="c:\program files (x86)\arcgis\desktop10.2\ArcToolbox\Toolboxes\Data Management Tools.tbx\CalculateField" Date="20160831" Time="081350">CalculateField SDE.bolardo KMT "LIMPIEZA" VB #</Process><Process ToolSource="c:\program files (x86)\arcgis\desktop10.2\ArcToolbox\Toolboxes\Data Management Tools.tbx\CalculateField" Date="20160831" Time="151636">CalculateField SDE.bolardo ID_AREA_VERDE "2396" VB #</Process><Process ToolSource="c:\program files (x86)\arcgis\desktop10.2\ArcToolbox\Toolboxes\Data Management Tools.tbx\CalculateField" Date="20160831" Time="151713">CalculateField SDE.bolardo IDKAR "1080" VB #</Process><Process ToolSource="c:\program files (x86)\arcgis\desktop10.2\ArcToolbox\Toolboxes\Data Management Tools.tbx\CalculateField" Date="20160831" Time="151725">CalculateField SDE.bolardo BRR "MARISCAL SUCRE" VB #</Process><Process ToolSource="c:\program files (x86)\arcgis\desktop10.2\ArcToolbox\Toolboxes\Data Management Tools.tbx\CalculateField" Date="20160831" Time="151741">CalculateField SDE.bolardo IDBRR "04020003" VB #</Process><Process ToolSource="c:\program files (x86)\arcgis\desktop10.2\ArcToolbox\Toolboxes\Data Management Tools.tbx\CalculateField" Date="20160831" Time="151819">CalculateField SDE.bolardo TXT "ACTUALIZACION MS 31 AGOSTO 2016" VB #</Process><Process ToolSource="c:\program files (x86)\arcgis\desktop10.2\ArcToolbox\Toolboxes\Data Management Tools.tbx\CalculateField" Date="20160831" Time="152738">CalculateField SDE.bolardo ID_AREA_VERDE "2396" VB #</Process><Process ToolSource="c:\program files (x86)\arcgis\desktop10.2\ArcToolbox\Toolboxes\Data Management Tools.tbx\CalculateField" Date="20160901" Time="110732">CalculateField SDE.bolardo KMT "LIMPIEZA" VB #</Process><Process ToolSource="c:\program files (x86)\arcgis\desktop10.2\ArcToolbox\Toolboxes\Data Management Tools.tbx\CalculateField" Date="20160901" Time="110750">CalculateField SDE.bolardo KMT "LIMPIEZA" VB #</Process><Process ToolSource="c:\program files (x86)\arcgis\desktop10.2\ArcToolbox\Toolboxes\Data Management Tools.tbx\CalculateField" Date="20160901" Time="111325">CalculateField SDE.bolardo KMT "LIMPIEZA" VB #</Process><Process ToolSource="c:\program files (x86)\arcgis\desktop10.2\ArcToolbox\Toolboxes\Data Management Tools.tbx\CalculateField" Date="20160901" Time="111615">CalculateField SDE.bolardo KMT "LIMPIEZA Y PINTURA" VB #</Process><Process ToolSource="c:\program files (x86)\arcgis\desktop10.2\ArcToolbox\Toolboxes\Data Management Tools.tbx\CalculateField" Date="20160901" Time="112635">CalculateField SDE.bolardo BRR "S CLARA S.MILAN" VB #</Process><Process ToolSource="c:\program files (x86)\arcgis\desktop10.2\ArcToolbox\Toolboxes\Data Management Tools.tbx\CalculateField" Date="20160901" Time="112649">CalculateField SDE.bolardo IDBRR "04010012" VB #</Process><Process ToolSource="c:\program files (x86)\arcgis\desktop10.2\ArcToolbox\Toolboxes\Data Management Tools.tbx\CalculateField" Date="20160901" Time="113210">CalculateField SDE.bolardo ID_AREA_VERDE "954" VB #</Process><Process ToolSource="c:\program files (x86)\arcgis\desktop10.2\ArcToolbox\Toolboxes\Data Management Tools.tbx\CalculateField" Date="20160901" Time="113226">CalculateField SDE.bolardo IDKAR "903" VB #</Process><Process ToolSource="c:\program files (x86)\arcgis\desktop10.2\ArcToolbox\Toolboxes\Data Management Tools.tbx\CalculateField" Date="20160901" Time="113635">CalculateField SDE.bolardo BRR "CDLA UNIVERSITARIA" VB #</Process><Process ToolSource="c:\program files (x86)\arcgis\desktop10.2\ArcToolbox\Toolboxes\Data Management Tools.tbx\CalculateField" Date="20160901" Time="113649">CalculateField SDE.bolardo IDBRR "04010001" VB #</Process><Process ToolSource="c:\program files (x86)\arcgis\desktop10.2\ArcToolbox\Toolboxes\Data Management Tools.tbx\CalculateField" Date="20160901" Time="113803">CalculateField SDE.bolardo TXT "ACTUALIZACION MS 01 SEPTIEMBRE 2016" VB #</Process><Process ToolSource="c:\program files (x86)\arcgis\desktop10.2\ArcToolbox\Toolboxes\Data Management Tools.tbx\CalculateField" Date="20160901" Time="152058">CalculateField SDE.bolardo BRR "LA GASCA" VB #</Process><Process ToolSource="c:\program files (x86)\arcgis\desktop10.2\ArcToolbox\Toolboxes\Data Management Tools.tbx\CalculateField" Date="20160901" Time="152115">CalculateField SDE.bolardo IDBRR "04010004" VB #</Process><Process ToolSource="c:\program files (x86)\arcgis\desktop10.2\ArcToolbox\Toolboxes\Data Management Tools.tbx\CalculateField" Date="20160901" Time="152142">CalculateField SDE.bolardo TXT "ACTUALIZACION 01 SEPTIEMBRE 2016" VB #</Process><Process ToolSource="c:\program files (x86)\arcgis\desktop10.2\ArcToolbox\Toolboxes\Data Management Tools.tbx\CalculateField" Date="20160901" Time="152212">CalculateField SDE.bolardo KMT "LIMPIEZA Y PINTURA" VB #</Process><Process ToolSource="c:\program files (x86)\arcgis\desktop10.2\ArcToolbox\Toolboxes\Data Management Tools.tbx\CalculateField" Date="20160901" Time="152225">CalculateField SDE.bolardo KMT "LIMPIEZA Y PINTURA" VB #</Process><Process ToolSource="c:\program files (x86)\arcgis\desktop10.2\ArcToolbox\Toolboxes\Data Management Tools.tbx\CalculateField" Date="20160901" Time="152241">CalculateField SDE.bolardo KMT "LIMPIEZA Y PINTURA" VB #</Process><Process ToolSource="c:\program files (x86)\arcgis\desktop10.2\ArcToolbox\Toolboxes\Data Management Tools.tbx\CalculateField" Date="20160901" Time="152249">CalculateField SDE.bolardo KMT "LIMPIEZA Y PINTURA" VB #</Process><Process ToolSource="c:\program files (x86)\arcgis\desktop10.2\ArcToolbox\Toolboxes\Data Management Tools.tbx\CalculateField" Date="20160901" Time="152300">CalculateField SDE.bolardo KMT "LIMPIEZA Y PINTURA" VB #</Process><Process ToolSource="c:\program files (x86)\arcgis\desktop10.2\ArcToolbox\Toolboxes\Data Management Tools.tbx\CalculateField" Date="20160901" Time="152313">CalculateField SDE.bolardo KMT "LIMPIEZA Y PINTURA" VB #</Process><Process ToolSource="c:\program files (x86)\arcgis\desktop10.2\ArcToolbox\Toolboxes\Data Management Tools.tbx\CalculateField" Date="20160901" Time="152346">CalculateField SDE.bolardo BRR "LAS CASAS BAJO" VB #</Process><Process ToolSource="c:\program files (x86)\arcgis\desktop10.2\ArcToolbox\Toolboxes\Data Management Tools.tbx\CalculateField" Date="20160901" Time="152359">CalculateField SDE.bolardo IDBRR "04010008" VB #</Process><Process ToolSource="c:\program files (x86)\arcgis\desktop10.2\ArcToolbox\Toolboxes\Data Management Tools.tbx\CalculateField" Date="20160901" Time="152421">CalculateField SDE.bolardo TXT "ACTUALIZACION MS 01 SEPTIEMBRE 2016" VB #</Process><Process ToolSource="c:\program files (x86)\arcgis\desktop10.2\ArcToolbox\Toolboxes\Data Management Tools.tbx\CalculateField" Date="20160901" Time="152445">CalculateField SDE.bolardo TXT "ACTUALIZACION MS 01 SEPTIEMBRE 2016" VB #</Process><Process ToolSource="c:\program files (x86)\arcgis\desktop10.2\ArcToolbox\Toolboxes\Data Management Tools.tbx\CalculateField" Date="20160901" Time="152542">CalculateField SDE.bolardo TXT "PARQUE ITALIA  ACTUALIZACION MS 01 SEPTIEMBRE 2016" VB #</Process><Process ToolSource="c:\program files (x86)\arcgis\desktop10.2\ArcToolbox\Toolboxes\Data Management Tools.tbx\CalculateField" Date="20160901" Time="152608">CalculateField SDE.bolardo ID_AREA_VERDE "2756" VB #</Process><Process ToolSource="c:\program files (x86)\arcgis\desktop10.2\ArcToolbox\Toolboxes\Data Management Tools.tbx\CalculateField" Date="20160901" Time="152622">CalculateField SDE.bolardo IDKAR "912" VB #</Process><Process ToolSource="c:\program files (x86)\arcgis\desktop10.2\ArcToolbox\Toolboxes\Data Management Tools.tbx\CalculateField" Date="20160901" Time="152711">CalculateField SDE.bolardo KMT "LIMPIEZA Y PINTURA" VB #</Process><Process ToolSource="c:\program files (x86)\arcgis\desktop10.2\ArcToolbox\Toolboxes\Data Management Tools.tbx\CalculateField" Date="20160902" Time="105858">CalculateField SDE.bolardo ID_AREA_VERDE "2756" VB #</Process><Process ToolSource="c:\program files (x86)\arcgis\desktop10.2\ArcToolbox\Toolboxes\Data Management Tools.tbx\CalculateField" Date="20160902" Time="105914">CalculateField SDE.bolardo IDKAR "912" VB #</Process><Process ToolSource="c:\program files (x86)\arcgis\desktop10.2\ArcToolbox\Toolboxes\Data Management Tools.tbx\CalculateField" Date="20160902" Time="105930">CalculateField SDE.bolardo BRR "LAS CASAS BAJO" VB #</Process><Process ToolSource="c:\program files (x86)\arcgis\desktop10.2\ArcToolbox\Toolboxes\Data Management Tools.tbx\CalculateField" Date="20160902" Time="110005">CalculateField SDE.bolardo TXT "PARQUE ITALIA  ACTUALIZACION MS 02 SEPTIEMBRE 2016" VB #</Process><Process ToolSource="c:\program files (x86)\arcgis\desktop10.2\ArcToolbox\Toolboxes\Data Management Tools.tbx\CalculateField" Date="20160902" Time="110028">CalculateField SDE.bolardo IDBRR "04010008" VB #</Process><Process ToolSource="c:\program files (x86)\arcgis\desktop10.2\ArcToolbox\Toolboxes\Data Management Tools.tbx\CalculateField" Date="20160902" Time="110101">CalculateField SDE.bolardo KMT "LIMPIEZA Y PINTURA" VB #</Process><Process ToolSource="c:\program files (x86)\arcgis\desktop10.2\ArcToolbox\Toolboxes\Data Management Tools.tbx\CalculateField" Date="20160902" Time="110125">CalculateField SDE.bolardo KMT "LIMPIEZA Y PINTURA" VB #</Process><Process ToolSource="c:\program files (x86)\arcgis\desktop10.2\ArcToolbox\Toolboxes\Data Management Tools.tbx\CalculateField" Date="20160902" Time="110139">CalculateField SDE.bolardo KMT "LIMPIEZA Y PINTURA" VB #</Process><Process ToolSource="c:\program files (x86)\arcgis\desktop10.2\ArcToolbox\Toolboxes\Data Management Tools.tbx\CalculateField" Date="20160902" Time="110200">CalculateField SDE.bolardo KMT "LIMPIEZA Y PINTURA" VB #</Process><Process ToolSource="c:\program files (x86)\arcgis\desktop10.2\ArcToolbox\Toolboxes\Data Management Tools.tbx\CalculateField" Date="20160902" Time="110213">CalculateField SDE.bolardo KMT "LIMPIEZA Y PINTURA" VB #</Process><Process ToolSource="c:\program files (x86)\arcgis\desktop10.2\ArcToolbox\Toolboxes\Data Management Tools.tbx\CalculateField" Date="20160902" Time="112814">CalculateField SDE.bolardo ID_AREA_VERDE "2756" VB #</Process><Process ToolSource="c:\program files (x86)\arcgis\desktop10.2\ArcToolbox\Toolboxes\Data Management Tools.tbx\CalculateField" Date="20160902" Time="112859">CalculateField SDE.bolardo IDKAR "912" VB #</Process><Process ToolSource="c:\program files (x86)\arcgis\desktop10.2\ArcToolbox\Toolboxes\Data Management Tools.tbx\CalculateField" Date="20160902" Time="112920">CalculateField SDE.bolardo BRR "LAS CASAS BAJO" VB #</Process><Process ToolSource="c:\program files (x86)\arcgis\desktop10.2\ArcToolbox\Toolboxes\Data Management Tools.tbx\CalculateField" Date="20160902" Time="112937">CalculateField SDE.bolardo IDBRR "04010008" VB #</Process><Process ToolSource="c:\program files (x86)\arcgis\desktop10.2\ArcToolbox\Toolboxes\Data Management Tools.tbx\CalculateField" Date="20160902" Time="113003">CalculateField SDE.bolardo TXT "PARQUE ITALIA  ACTUALIZACION MS 02 SEPTIEMBRE 2016" VB #</Process><Process ToolSource="c:\program files (x86)\arcgis\desktop10.2\ArcToolbox\Toolboxes\Data Management Tools.tbx\CalculateField" Date="20160902" Time="113516">CalculateField SDE.bolardo KMT "LIMPIEZA Y PINTURA" VB #</Process><Process ToolSource="c:\program files (x86)\arcgis\desktop10.2\ArcToolbox\Toolboxes\Data Management Tools.tbx\CalculateField" Date="20160902" Time="113529">CalculateField SDE.bolardo KMT "LIMPIEZA Y PINTURA" VB #</Process><Process ToolSource="c:\program files (x86)\arcgis\desktop10.2\ArcToolbox\Toolboxes\Data Management Tools.tbx\CalculateField" Date="20160902" Time="113540">CalculateField SDE.bolardo KMT "LIMPIEZA Y PINTURA" VB #</Process><Process ToolSource="c:\program files (x86)\arcgis\desktop10.2\ArcToolbox\Toolboxes\Data Management Tools.tbx\CalculateField" Date="20160902" Time="113551">CalculateField SDE.bolardo KMT "LIMPIEZA Y PINTURA" VB #</Process><Process ToolSource="c:\program files (x86)\arcgis\desktop10.2\ArcToolbox\Toolboxes\Data Management Tools.tbx\CalculateField" Date="20160902" Time="121738">CalculateField SDE.bolardo BRR "PAMBACHUPA" VB #</Process><Process ToolSource="c:\program files (x86)\arcgis\desktop10.2\ArcToolbox\Toolboxes\Data Management Tools.tbx\CalculateField" Date="20160902" Time="121752">CalculateField SDE.bolardo IDBRR "04010011" VB #</Process><Process ToolSource="c:\program files (x86)\arcgis\desktop10.2\ArcToolbox\Toolboxes\Data Management Tools.tbx\CalculateField" Date="20160902" Time="121814">CalculateField SDE.bolardo TXT "ACTUALIZACION MS 02 SEPTIEMBRE 2016" VB #</Process><Process ToolSource="c:\program files (x86)\arcgis\desktop10.2\ArcToolbox\Toolboxes\Data Management Tools.tbx\CalculateField" Date="20160902" Time="135919">CalculateField SDE.bolardo KMT "LIMPIEZA Y PINTURA" VB #</Process><Process ToolSource="c:\program files (x86)\arcgis\desktop10.2\ArcToolbox\Toolboxes\Data Management Tools.tbx\CalculateField" Date="20160902" Time="135928">CalculateField SDE.bolardo KMT "LIMPIEZA Y PINTURA" VB #</Process><Process ToolSource="c:\program files (x86)\arcgis\desktop10.2\ArcToolbox\Toolboxes\Data Management Tools.tbx\CalculateField" Date="20160906" Time="173605">CalculateField SDE.bolardo KMT "LIMPIEZA Y PINTURA" VB #</Process><Process ToolSource="c:\program files (x86)\arcgis\desktop10.2\ArcToolbox\Toolboxes\Data Management Tools.tbx\CalculateField" Date="20160906" Time="173620">CalculateField SDE.bolardo BRR "AMERICA" VB #</Process><Process ToolSource="c:\program files (x86)\arcgis\desktop10.2\ArcToolbox\Toolboxes\Data Management Tools.tbx\CalculateField" Date="20160906" Time="173648">CalculateField SDE.bolardo IDBRR "03050001" VB #</Process><Process ToolSource="c:\program files (x86)\arcgis\desktop10.2\ArcToolbox\Toolboxes\Data Management Tools.tbx\CalculateField" Date="20160906" Time="173728">CalculateField SDE.bolardo TXT "PARQUE BENITO JUAREZ  ACTUALIZACION MS 06 SEPTIEMBRE 2016" VB #</Process><Process ToolSource="c:\program files (x86)\arcgis\desktop10.2\ArcToolbox\Toolboxes\Data Management Tools.tbx\CalculateField" Date="20160906" Time="173936">CalculateField SDE.bolardo IDKAR "1260" VB #</Process><Process ToolSource="c:\program files (x86)\arcgis\desktop10.2\ArcToolbox\Toolboxes\Data Management Tools.tbx\CalculateField" Date="20160906" Time="174144">CalculateField SDE.bolardo ID_AREA_VERDE "1260" VB #</Process><Process ToolSource="c:\program files (x86)\arcgis\desktop10.2\ArcToolbox\Toolboxes\Data Management Tools.tbx\CalculateField" Date="20160906" Time="174553">CalculateField SDE.bolardo TXT "PLAZA BENITO JUAREZ  ACTUALIZACION MS 06 SEPTIEMBRE 2016" VB #</Process><Process ToolSource="c:\program files (x86)\arcgis\desktop10.2\ArcToolbox\Toolboxes\Data Management Tools.tbx\CalculateField" Date="20160919" Time="122806">CalculateField SDE.bolardo TXT "PLAZA BENITO JUAREZ  ACTUALIZACION MS 19 SEPTIEMBRE 2016" VB #</Process><Process ToolSource="c:\program files (x86)\arcgis\desktop10.2\ArcToolbox\Toolboxes\Data Management Tools.tbx\CalculateField" Date="20160919" Time="122820">CalculateField SDE.bolardo BRR "AMERICA" VB #</Process><Process ToolSource="c:\program files (x86)\arcgis\desktop10.2\ArcToolbox\Toolboxes\Data Management Tools.tbx\CalculateField" Date="20160919" Time="122834">CalculateField SDE.bolardo IDBRR "03050001" VB #</Process><Process ToolSource="c:\program files (x86)\arcgis\desktop10.2\ArcToolbox\Toolboxes\Data Management Tools.tbx\CalculateField" Date="20160919" Time="122848">CalculateField SDE.bolardo KMT "LIMPIEZA Y PINTURA" VB #</Process><Process ToolSource="c:\program files (x86)\arcgis\desktop10.2\ArcToolbox\Toolboxes\Data Management Tools.tbx\CalculateField" Date="20160919" Time="135332">CalculateField SDE.bolardo KMT "LIMPIEZA Y PINTURA" VB #</Process><Process ToolSource="c:\program files (x86)\arcgis\desktop10.2\ArcToolbox\Toolboxes\Data Management Tools.tbx\CalculateField" Date="20160919" Time="135349">CalculateField SDE.bolardo BRR "AMERICA" VB #</Process><Process ToolSource="c:\program files (x86)\arcgis\desktop10.2\ArcToolbox\Toolboxes\Data Management Tools.tbx\CalculateField" Date="20160919" Time="135401">CalculateField SDE.bolardo IDBRR "03050001" VB #</Process><Process ToolSource="c:\program files (x86)\arcgis\desktop10.2\ArcToolbox\Toolboxes\Data Management Tools.tbx\CalculateField" Date="20160919" Time="135536">CalculateField SDE.bolardo TXT "PLAZA BENITO JUAREZ  ACTUALIZACION MS 19 SEPTIEMBRE 2016" VB #</Process><Process ToolSource="c:\program files (x86)\arcgis\desktop10.2\ArcToolbox\Toolboxes\Data Management Tools.tbx\CalculateField" Date="20160919" Time="153900">CalculateField SDE.bolardo TXT "ACTUALIZACION MS 19 SEPTIEMBRE 2016" VB #</Process><Process ToolSource="c:\program files (x86)\arcgis\desktop10.2\ArcToolbox\Toolboxes\Data Management Tools.tbx\CalculateField" Date="20160919" Time="153928">CalculateField SDE.bolardo IDBRR "03050011" VB #</Process><Process ToolSource="c:\program files (x86)\arcgis\desktop10.2\ArcToolbox\Toolboxes\Data Management Tools.tbx\CalculateField" Date="20160919" Time="153942">CalculateField SDE.bolardo BRR "SAN JUAN" VB #</Process><Process ToolSource="c:\program files (x86)\arcgis\desktop10.2\ArcToolbox\Toolboxes\Data Management Tools.tbx\CalculateField" Date="20160919" Time="154006">CalculateField SDE.bolardo KMT "LIMPIEZA Y PINTURA" VB #</Process><Process ToolSource="c:\program files (x86)\arcgis\desktop10.2\ArcToolbox\Toolboxes\Data Management Tools.tbx\CalculateField" Date="20160919" Time="160417">CalculateField SDE.bolardo KMT "FONSAL" VB #</Process><Process ToolSource="c:\program files (x86)\arcgis\desktop10.2\ArcToolbox\Toolboxes\Data Management Tools.tbx\CalculateField" Date="20160920" Time="082933">CalculateField SDE.bolardo TXT "ACTUALIZACION MS 25 AGOSTO 2016" VB #</Process><Process ToolSource="c:\program files (x86)\arcgis\desktop10.2\ArcToolbox\Toolboxes\Data Management Tools.tbx\CalculateField" Date="20160920" Time="083019">CalculateField SDE.bolardo TXT "ACTUALIZACION MS 26 AGOSTO 2016" VB #</Process><Process ToolSource="c:\program files (x86)\arcgis\desktop10.2\ArcToolbox\Toolboxes\Data Management Tools.tbx\CalculateField" Date="20160926" Time="105906">CalculateField SDE.bolardo KMT "FONSAL" VB #</Process><Process ToolSource="c:\program files (x86)\arcgis\desktop10.2\ArcToolbox\Toolboxes\Data Management Tools.tbx\CalculateField" Date="20160926" Time="105928">CalculateField SDE.bolardo BRR "SAN JUAN" VB #</Process><Process ToolSource="c:\program files (x86)\arcgis\desktop10.2\ArcToolbox\Toolboxes\Data Management Tools.tbx\CalculateField" Date="20160926" Time="105948">CalculateField SDE.bolardo IDBRR "03050011" VB #</Process><Process ToolSource="c:\program files (x86)\arcgis\desktop10.2\ArcToolbox\Toolboxes\Data Management Tools.tbx\CalculateField" Date="20160926" Time="110010">CalculateField SDE.bolardo TXT "ACTUALIZACION MS 26 SEPTIEMBRE 2016" VB #</Process><Process ToolSource="c:\program files (x86)\arcgis\desktop10.2\ArcToolbox\Toolboxes\Data Management Tools.tbx\CalculateField" Date="20160926" Time="132013">CalculateField SDE.bolardo BRR "SAN JUAN" VB #</Process><Process ToolSource="c:\program files (x86)\arcgis\desktop10.2\ArcToolbox\Toolboxes\Data Management Tools.tbx\CalculateField" Date="20160926" Time="132026">CalculateField SDE.bolardo IDBRR "03050011" VB #</Process><Process ToolSource="c:\program files (x86)\arcgis\desktop10.2\ArcToolbox\Toolboxes\Data Management Tools.tbx\CalculateField" Date="20160926" Time="132052">CalculateField SDE.bolardo TXT "PARQUE JULIO MATOVELLE  ACTUALIZACION MS 26 SEPTIEMBRE 2016" VB #</Process><Process ToolSource="c:\program files (x86)\arcgis\desktop10.2\ArcToolbox\Toolboxes\Data Management Tools.tbx\CalculateField" Date="20160926" Time="133108">CalculateField SDE.bolardo ID_AREA_VERDE "1657" VB #</Process><Process ToolSource="c:\program files (x86)\arcgis\desktop10.2\ArcToolbox\Toolboxes\Data Management Tools.tbx\CalculateField" Date="20160926" Time="133123">CalculateField SDE.bolardo IDKAR "887" VB #</Process><Process ToolSource="c:\program files (x86)\arcgis\desktop10.2\ArcToolbox\Toolboxes\Data Management Tools.tbx\CalculateField" Date="20160926" Time="155509">CalculateField SDE.bolardo BRR "EJIDO" VB #</Process><Process ToolSource="c:\program files (x86)\arcgis\desktop10.2\ArcToolbox\Toolboxes\Data Management Tools.tbx\CalculateField" Date="20160926" Time="155528">CalculateField SDE.bolardo IDBRR "03040003" VB #</Process><Process ToolSource="c:\program files (x86)\arcgis\desktop10.2\ArcToolbox\Toolboxes\Data Management Tools.tbx\CalculateField" Date="20160926" Time="155541">CalculateField SDE.bolardo IDKAR "1377" VB #</Process><Process ToolSource="c:\program files (x86)\arcgis\desktop10.2\ArcToolbox\Toolboxes\Data Management Tools.tbx\CalculateField" Date="20160926" Time="155614">CalculateField SDE.bolardo TXT "PARQUE SIMON BOLIVAR-LA ALAMEDA  ACTUALIZACION MS 26 SEPTIEMBRE 2016" VB #</Process><Process ToolSource="c:\program files (x86)\arcgis\desktop10.2\ArcToolbox\Toolboxes\Data Management Tools.tbx\CalculateField" Date="20160926" Time="155635">CalculateField SDE.bolardo ID_AREA_VERDE "3296" VB #</Process><Process ToolSource="c:\program files (x86)\arcgis\desktop10.2\ArcToolbox\Toolboxes\Data Management Tools.tbx\CalculateField" Date="20160926" Time="161116">CalculateField SDE.bolardo BRR "LARREA" VB #</Process><Process ToolSource="c:\program files (x86)\arcgis\desktop10.2\ArcToolbox\Toolboxes\Data Management Tools.tbx\CalculateField" Date="20160926" Time="161222">CalculateField SDE.bolardo IDBRR "03050006" VB #</Process><Process ToolSource="c:\program files (x86)\arcgis\desktop10.2\ArcToolbox\Toolboxes\Data Management Tools.tbx\CalculateField" Date="20160926" Time="161252">CalculateField SDE.bolardo TXT "FONSAL  ACTUALIZACION MS 26 SEPTIEMBRE 2016" VB #</Process><Process ToolSource="c:\program files (x86)\arcgis\desktop10.2\ArcToolbox\Toolboxes\Data Management Tools.tbx\CalculateField" Date="20160926" Time="162031">CalculateField SDE.bolardo TXT "FONSAL  ACTUALIZACION MS 26 SEPTIEMBRE 2016" VB #</Process><Process ToolSource="c:\program files (x86)\arcgis\desktop10.2\ArcToolbox\Toolboxes\Data Management Tools.tbx\CalculateField" Date="20160926" Time="162049">CalculateField SDE.bolardo IDBRR "03040003" VB #</Process><Process ToolSource="c:\program files (x86)\arcgis\desktop10.2\ArcToolbox\Toolboxes\Data Management Tools.tbx\CalculateField" Date="20160926" Time="162058">CalculateField SDE.bolardo BRR "EJIDO" VB #</Process><Process ToolSource="c:\program files (x86)\arcgis\desktop10.2\ArcToolbox\Toolboxes\Data Management Tools.tbx\CalculateField" Date="20160926" Time="162114">CalculateField SDE.bolardo KMT "LIMPIEZA" VB #</Process><Process ToolSource="c:\program files (x86)\arcgis\desktop10.2\ArcToolbox\Toolboxes\Data Management Tools.tbx\CalculateField" Date="20160926" Time="162205">CalculateField SDE.bolardo KMT "LIMPIEZA Y PINTURA" VB #</Process><Process ToolSource="c:\program files (x86)\arcgis\desktop10.2\ArcToolbox\Toolboxes\Data Management Tools.tbx\CalculateField" Date="20160926" Time="162226">CalculateField SDE.bolardo KMT "LIMPIEZA Y PINTURA" VB #</Process><Process Name="Feature Class to Feature Class (7)" ToolSource="c:\program files (x86)\arcgis\desktop10.5\ArcToolbox\Toolboxes\Conversion Tools.tbx\FeatureClassToFeatureClass" Date="20170627" Time="085444">FeatureClassToFeatureClass SDE.bolardo "Z:\ROCIO CH\TE MAT 5940-17\SHAPEFILES" BOLARDO.shp # "MCC "Material" true true false 2 Short 0 3 ,First,#,SDE.bolardo,MCC,-1,-1;CON "Condicion" true true false 2 Short 0 3 ,First,#,SDE.bolardo,CON,-1,-1" #</Process></lineage></DataProperties><SyncDate>20170627</SyncDate><SyncTime>08544300</SyncTime><ModDate>20170627</ModDate><ModTime>08544300</ModTime><scaleRange><minScale>50000</minScale><maxScale>5000</maxScale></scaleRange><ArcGISProfile>ISO19139</ArcGISProfile></Esri><eainfo><detailed Name="BOLARDO"><enttyp><enttypl Sync="TRUE">BOLARDO</enttypl><enttypt Sync="TRUE">Feature Class</enttypt><enttypc Sync="TRUE">0</enttypc></enttyp><attr><attrlabl Sync="TRUE">FID</attrlabl><attalias Sync="TRUE">FID</attalias><attrtype Sync="TRUE">OID</attrtype><attwidth Sync="TRUE">4</attwidth><atprecis Sync="TRUE">0</atprecis><attscale Sync="TRUE">0</attscale><attrdef Sync="TRUE">Internal feature number.</attrdef><attrdefs Sync="TRUE">Esri</attrdefs><attrdomv><udom Sync="TRUE">Sequential unique whole numbers that are automatically generated.</udom></attrdomv></attr><attr><attrlabl Sync="TRUE">MCC</attrlabl><attalias Sync="TRUE">MCC</attalias><attrtype Sync="TRUE">Integer</attrtype><attwidth Sync="TRUE">5</attwidth><atprecis Sync="TRUE">5</atprecis><attscale Sync="TRUE">0</attscale></attr><attr><attrlabl Sync="TRUE">CON</attrlabl><attalias Sync="TRUE">CON</attalias><attrtype Sync="TRUE">Integer</attrtype><attwidth Sync="TRUE">5</attwidth><atprecis Sync="TRUE">5</atprecis><attscale Sync="TRUE">0</attscale></attr><attr><attrlabl Sync="TRUE">SHAPE</attrlabl><attalias Sync="TRUE">Shape</attalias><attrtype Sync="TRUE">Geometry</attrtype><attwidth Sync="TRUE">0</attwidth><atprecis Sync="TRUE">0</atprecis><attscale Sync="TRUE">0</attscale><attrdef Sync="TRUE">Feature geometry.</attrdef><attrdefs Sync="TRUE">Esri</attrdefs><attrdomv><udom Sync="TRUE">Coordinates defining the features.</udom></attrdomv></attr><attr><attrlabl Sync="TRUE">d_MCC</attrlabl><attalias Sync="TRUE">d_MCC</attalias><attrtype Sync="TRUE">String</attrtype><attwidth Sync="TRUE">254</attwidth><atprecis Sync="TRUE">0</atprecis><attscale Sync="TRUE">0</attscale></attr><attr><attrlabl Sync="TRUE">d_CON</attrlabl><attalias Sync="TRUE">d_CON</attalias><attrtype Sync="TRUE">String</attrtype><attwidth Sync="TRUE">254</attwidth><atprecis Sync="TRUE">0</atprecis><attscale Sync="TRUE">0</attscale></attr></detailed></eainfo><mdLang><languageCode value="spa"/><countryCode value="ECU" Sync="TRUE"/></mdLang><mdChar><CharSetCd value="004"/></mdChar><mdHrLv><ScopeCd value="009"/></mdHrLv><mdHrLvName Sync="TRUE">dataset</mdHrLvName><mdContact><rpIndName>Lorena Izurieta</rpIndName><rpOrgName>Empresa Pública Metropolitana de Movilidad y Obras Públicas (EPMMOP)</rpOrgName><rpPosName>Jefe de Sistemas de Información Geográfica</rpPosName><rpCntInfo><cntPhone><voiceNum>(593-02) 2907005</voiceNum></cntPhone><cntAddress><delPoint>Av. América N31-137 y Mariana de Jesús</delPoint><city>Quito</city><adminArea>Pichincha</adminArea><postCode>170521</postCode><country>EC</country><eMailAdd>lorena.izurieta@epmmop.gob.ec</eMailAdd></cntAddress><cntHours>lunes a viernes 8:00 a 16:00</cntHours></rpCntInfo><role><RoleCd value="007"/></role></mdContact><mdContact><rpIndName>Mónica Santacruz</rpIndName><rpOrgName>Empresa Pública Metropolitana de Movilidad y Obras Públicas (EPMMOP)</rpOrgName><rpPosName>Supervisor Ejecutor Procesos 1</rpPosName><rpCntInfo><cntPhone><voiceNum>(593-02) 2907005</voiceNum></cntPhone><cntAddress><delPoint>Av. América N31-137 y Mariana de Jesús</delPoint><city>Quito</city><adminArea>Pichincha</adminArea><postCode>170521</postCode><country>EC</country><eMailAdd>monica.santacruz@epmmop.gob.ec</eMailAdd></cntAddress><cntHours>lunes a viernes 8:00 a 16:00</cntHours></rpCntInfo><role><RoleCd value="011"/></role></mdContact><mdDateSt Sync="TRUE">20170627</mdDateSt><mdStanName>ArcGIS Metadata</mdStanName><mdStanVer>1.0</mdStanVer><distInfo><distributor><distorCont><rpIndName>Lorena Izurieta</rpIndName><rpOrgName>Empresa Pública Metropolitana de Movilidad y Obras Públicas (EPMMOP)</rpOrgName><rpPosName>Jefe de Sistemas de Información Geográfica</rpPosName><rpCntInfo><cntPhone><voiceNum>(593-02) 2907005</voiceNum></cntPhone><cntAddress><delPoint>Av. América N31-137 y Mariana de Jesús</delPoint><city>Quito</city><adminArea>Pichincha</adminArea><postCode>170521</postCode><country>EC</country><eMailAdd>lorena.izurieta@epmmop.gob.ec</eMailAdd></cntAddress><cntHours>lunes a viernes 8:00 a 16:00</cntHours></rpCntInfo><role><RoleCd value="007"/></role></distorCont></distributor><distFormat><formatName Sync="TRUE">Shapefile</formatName><formatVer>10.2.1</formatVer></distFormat><distFormat><formatName Sync="TRUE">Shapefile</formatName><formatVer>10.2.1</formatVer></distFormat><distFormat><formatName Sync="TRUE">Shapefile</formatName><formatVer>2015.009.20069</formatVer></distFormat><distTranOps><transSize Sync="TRUE">0.000</transSize></distTranOps></distInfo><dataIdInfo><idCitation><resTitle Sync="FALSE">Bolardo</resTitle><date><createDate>2015-10-26T08:25:00</createDate></date><citRespParty><rpIndName>Lorena Izurieta</rpIndName><rpOrgName>Empresa Pública Metropolitana de Movilidad y Obras Públicas (EPMMOP)</rpOrgName><rpPosName>Jefe de Sistemas de Información Geográfica</rpPosName><rpCntInfo><cntPhone><voiceNum>(593-02) 2907005</voiceNum></cntPhone><cntAddress><delPoint>Av. América N31-137 y Mariana de Jesús</delPoint><city>Quito</city><adminArea>Pichincha</adminArea><postCode>170521</postCode><country>EC</country><eMailAdd>lorena.izurieta@epmmop.gob.ec</eMailAdd></cntAddress><cntHours>lunes a viernes 8:00 a 16:00</cntHours></rpCntInfo><role><RoleCd value="007"/></role></citRespParty><presForm><PresFormCd value="005"/></presForm></idCitation><idAbs>&lt;DIV STYLE="text-align:Left;"&gt;&lt;DIV&gt;&lt;DIV&gt;&lt;P&gt;&lt;SPAN&gt;La información digital viene de un relevamiento de información en campo con GPS y procesamiento en software ArcGis.&lt;/SPAN&gt;&lt;/P&gt;&lt;/DIV&gt;&lt;/DIV&gt;&lt;/DIV&gt;</idAbs><idPurp>Representar e identificar los elementos bolardos ubicados en diferentes sitios del DMQ.</idPurp><idCredit>Empresa Pública Metropolitana de Movilidad y Obras Públicas Distrito Metropolitano de Quito (DMQ) - Ecuador</idCredit><idStatus><ProgCd value="007"/></idStatus><idPoC><rpIndName>Lorena Izurieta</rpIndName><rpOrgName>Empresa Pública Metropolitana de Movilidad y Obras Públicas (EPMMOP)</rpOrgName><rpPosName>Jefe de Sistemas de Información Geográfica</rpPosName><rpCntInfo><cntPhone><voiceNum>(593-02) 2907005</voiceNum></cntPhone><cntAddress><delPoint>Av. América N31-137 y Mariana de Jesús</delPoint><city>Quito</city><adminArea>Pichincha</adminArea><postCode>170521</postCode><country>EC</country><eMailAdd>lorena.izurieta@epmmop.gob.ec</eMailAdd></cntAddress><cntHours>lunes a viernes 8:00 a 16:00</cntHours></rpCntInfo><role><RoleCd value="007"/></role></idPoC><idPoC><rpIndName>Mónica Santacruz</rpIndName><rpOrgName>Empresa Pública Metropolitana de Movilidad y Obras Públicas (EPMMOP)</rpOrgName><rpPosName>Supervisor Ejecutor Procesos 1</rpPosName><rpCntInfo><cntPhone><voiceNum>(593-02) 2907005</voiceNum></cntPhone><cntAddress><delPoint>Av. América N31-137 y Mariana de Jesús</delPoint><city>Quito</city><adminArea>Pichincha</adminArea><postCode>170521</postCode><country>EC</country><eMailAdd>monica.santacruz@epmmop.gob.ec</eMailAdd></cntAddress><cntHours>lunes a viernes 8:00 a 16:00</cntHours></rpCntInfo><role><RoleCd value="011"/></role></idPoC><resMaint><maintFreq><MaintFreqCd value="009"/></maintFreq></resMaint><themeKeys><keyword>Bolardo</keyword></themeKeys><searchKeys><keyword>Bolardo</keyword></searchKeys><resConst><LegConsts><useLimit>Su uso requiere autorización de la Empresa Pública Metropolitana de Movilidad y Obras Públicas (EPMMOP).</useLimit><accessConsts><RestrictCd value="007"/></accessConsts><useConsts><RestrictCd value="007"/></useConsts></LegConsts></resConst><resConst><Consts><useLimit>&lt;DIV STYLE="text-align:Left;"&gt;&lt;DIV&gt;&lt;DIV&gt;&lt;P&gt;&lt;SPAN&gt;Su uso requiere autorización de la Empresa Pública Metropolitana de Movilidad y Obras Públicas (EPMMOP).&lt;/SPAN&gt;&lt;/P&gt;&lt;/DIV&gt;&lt;/DIV&gt;&lt;/DIV&gt;</useLimit></Consts></resConst><spatRpType><SpatRepTypCd value="001"/></spatRpType><dataScale><equScale><rfDenom>5000</rfDenom></equScale></dataScale><dataLang><languageCode value="spa"/><countryCode value="ECU" Sync="TRUE"/></dataLang><dataChar><CharSetCd value="004"/></dataChar><envirDesc Sync="TRUE"> Version 6.2 (Build 9200) ; Esri ArcGIS 10.5.0.6491</envirDesc><dataExt><geoEle><GeoBndBox><exTypeCode>true</exTypeCode><westBL>0</westBL><eastBL>0</eastBL><southBL>0</southBL><northBL>0</northBL></GeoBndBox></geoEle><vertEle><vertMinVal>0</vertMinVal><vertMaxVal>0</vertMaxVal></vertEle></dataExt><tpCat><TopicCatCd value="016"/></tpCat></dataIdInfo><mdMaint><maintFreq><MaintFreqCd value="009"/></maintFreq></mdMaint><mdConst><LegConsts><useLimit>El metadato no tiene restricciones de uso ni de acceso, sin embargo se solicita que el usuario cite la fuente del dato.</useLimit><accessConsts><RestrictCd value="001"/></accessConsts><useConsts><RestrictCd value="001"/></useConsts></LegConsts></mdConst><mdConst><Consts><useLimit>El metadato no tiene restricciones de uso ni de acceso, sin embargo se solicita que el usuario cite la fuente del dato.</useLimit></Consts></mdConst><dqInfo><dqScope><scpLvl><ScopeCd value="009"/></scpLvl><scpLvlDesc><featIntSet>Bolardo</featIntSet></scpLvlDesc><scpLvlDesc><datasetSet>CH.Asociado a transportación</datasetSet></scpLvlDesc></dqScope><dataLineage><statement>Los datos provienen de información en campo con GPS precisión de 30cm, postproceso con corrección diferencial de estación de monitoreo contínuo y de digitalización sobre ortofoto 1: 5000</statement></dataLineage></dqInfo><spatRepInfo><VectSpatRep><geometObjs Name="BOLARDO"><geoObjTyp><GeoObjTypCd value="004" Sync="TRUE"></GeoObjTypCd></geoObjTyp><geoObjCnt Sync="TRUE">0</geoObjCnt></geometObjs><topLvl><TopoLevCd value="001" Sync="TRUE"></TopoLevCd></topLvl></VectSpatRep></spatRepInfo><refSysInfo><RefSystem><refSysID><identAuth><resTitle>SIRES - DMQ</resTitle><date><pubDate>2007-08-31T00:00:00</pubDate></date><otherCitDet>La fecha indicada en el acápite "Dates" corresponde a la fecha de entrada en vigencia de la Ordenanza Metropolitana # 0225 que establece los Sistemas de Referencia Espacial (SIRES) y de Geolocalización (SISGEO) del Distrito Metropolitano de Quito (DMQ); y las normas para realización de trabajos de levantamientos topográficos y catastral georeferenciados, para su ingreso al sistema de base de datos cartográficos del Distrito Metropolitano de Quito, expedida el 30 de agosto de 2007 y que entró en vigencia el 31 de agosto de 2007.</otherCitDet></identAuth><identCode code="EPSG: 97666"/></refSysID></RefSystem></refSysInfo><contInfo><FetCatDesc xmlns=""><compCode>true</compCode><catLang><languageCode value="spa"/></catLang><incWithDS>true</incWithDS><catCitation xmlns=""><resTitle>Catálogo de Objetos Geográficos del IGM para Cartografía Base escala 1:5000 - 1.0</resTitle><date><pubDate>2011-06-01T00:00:00</pubDate></date><citOnlineRes xmlns=""><linkage>http://www.geoportaligm.gob.ec/portal/index.php/aplicaciones/catalogo-de-objetos/</linkage><orFunct><OnFunctCd value="002"/></orFunct></citOnlineRes></catCitation><catCitation xmlns=""><resTitle>Catálogo para la Codificación de Objetos Geográficos (Cartografía Empresarial) de la Empresa Pública Metropolitana de Movilidad y Obras Públicas (EPMMOP)</resTitle><date><createDate>2015-11-20T00:00:00</createDate></date></catCitation><catCitation xmlns=""><resTitle>Catálogo Nacional de Objetos Geográficos SENPLADES - 2.0</resTitle><date><pubDate>2013-06-03T00:00:00</pubDate></date><isbn>978-9942-07-497-3</isbn><citOnlineRes xmlns=""><linkage>http://www.planificacion.gob.ec/wp-content/uploads/downloads/2014/04/Catalago-Nacional-de-objetos-geogr%C3%A1ficos.pdf</linkage></citOnlineRes></catCitation><catCitation xmlns=""><resTitle>DGIWG Feature Data Dictionary, Baseline 2013-1.00</resTitle><date><pubDate>2014-05-26T00:00:00</pubDate></date><presForm xmlns=""><PresFormCd value="001"/></presForm><citOnlineRes xmlns=""><linkage>https://www.dgiwg.org/FAD/</linkage><orFunct><OnFunctCd value="001"/></orFunct></citOnlineRes></catCitation></FetCatDesc></contInfo><dataSetURI>www.epmmop.gob.ec</dataSetURI><spdoinfo><ptvctinf><esriterm Name="BOLARDO"><efeatyp Sync="TRUE">Simple</efeatyp><efeageom code="1" Sync="TRUE"></efeageom><esritopo Sync="TRUE">FALSE</esritopo><efeacnt Sync="TRUE">0</efeacnt><spindex Sync="TRUE">FALSE</spindex><linrefer Sync="TRUE">FALSE</linrefer></esriterm></ptvctinf></spdoinfo></metadata>
