<?xml version="1.0" encoding="UTF-8"?>
<metadata xml:lang="es"><Esri><CreaDate>20170704</CreaDate><CreaTime>08541200</CreaTime><ArcGISFormat>1.0</ArcGISFormat><SyncOnce>TRUE</SyncOnce><DataProperties><itemProps><itemLocation><linkage Sync="TRUE">file://\\PC80SECRE13\C$\Geoportal\Barrio_Sector</linkage><protocol Sync="TRUE">Local Area Network</protocol></itemLocation></itemProps><copyHistory><copy source="C:\A. Jarrin Silva\GIS\TERRITORIO\Barrios\Barrio_Sector" dest="\\PC80SECRE13\C$\Geoportal\Barrio_Sector" date="20170704" time="08541200"></copy></copyHistory></DataProperties></Esri></metadata>
